rank,id,label,n_pockets,n_mols,vina_score_avg,vina_score_med,vina_dock_avg,vina_dock_med,vina_gap_avg,vina_gap_med,vinardo_score_avg,vinardo_score_med,vinardo_dock_avg,vinardo_dock_med,vinardo_gap_avg,vinardo_gap_med,gnina_score_avg,gnina_score_med,cnnaff_score_avg,cnnaff_score_med,gnina_dock_avg,gnina_dock_med,cnnaff_dock_avg,cnnaff_dock_med,cnnaff_gap_avg,cnnaff_gap_med,ha_avg,ha_med,qed_avg,qed_med,sa_avg,sa_med,div_avg,div_med,n_pockets_ha,n_pockets_div,gnina_gap_aff_avg,gnina_gap_aff_med,vina_gap_signed_med,vinardo_gap_signed_med,gnina_gap_signed_med,cnnaff_gap_signed_med,max_abs_affinity
1,reference,Reference (native),100,100,-6.362,-6.463,-7.450,-7.263,1.110,0.579,-6.319,-6.308,-7.746,-7.356,1.464,1.053,-7.160,-7.148,5.551,5.605,-7.444,-7.740,5.608,5.653,0.170,0.124,,,0.476,0.468,0.728,0.740,,,0,0,0.780,0.273,0.566,1.032,0.137,-0.034,16.2
2,pocket2mol,Pocket2Mol,100,9831,-5.139,-4.698,-7.152,-6.785,2.374,1.795,-4.193,-4.008,-6.893,-6.460,2.715,2.304,-5.451,-4.981,4.885,4.740,-6.536,-6.408,5.089,4.917,0.305,0.238,48.0,51.0,0.573,0.577,0.756,0.760,0.692,0.711,100,100,2.180,1.467,1.780,2.302,1.331,-0.190,215.0
3,targetdiff,TargetDiff,100,9036,-5.466,-6.302,-7.802,-7.908,2.499,1.262,-4.417,-5.189,-7.258,-7.380,3.032,1.953,-6.359,-6.845,5.730,5.878,-6.430,-7.340,5.781,5.916,0.288,0.201,57.5,58.3,0.480,0.481,0.585,0.580,0.717,0.714,100,100,2.868,1.113,1.253,1.925,0.800,-0.072,276.1
4,molcraft,MolCRAFT,100,9667,-6.587,-7.044,-7.924,-8.006,1.574,0.662,-5.836,-6.230,-7.724,-7.709,2.113,1.234,-7.210,-7.611,5.476,5.596,-7.275,-7.804,5.549,5.662,0.227,0.148,59.0,62.6,0.504,0.506,0.686,0.680,0.725,0.727,100,100,1.926,0.567,0.648,1.191,0.312,-0.051,239.3
5,pidiff_retrain,PIDiff (retrained),100,8654,-6.378,-7.034,-8.278,-8.203,2.084,0.966,-5.167,-5.664,-7.482,-7.477,2.617,1.621,-7.046,-7.424,5.696,5.823,-6.443,-7.288,5.824,5.950,0.317,0.230,63.0,67.8,0.438,0.438,0.557,0.550,0.725,0.718,100,100,3.072,0.939,0.942,1.575,0.518,-0.131,248.3
6,ipdiff,IPDiff,100,9011,-6.414,-7.003,-8.570,-8.511,2.344,1.133,-4.989,-5.688,-7.652,-7.713,2.952,1.701,-6.923,-7.327,5.837,6.040,-5.862,-7.200,5.888,6.099,0.297,0.198,68.0,75.2,0.518,0.524,0.593,0.590,0.738,0.731,100,100,3.712,1.175,1.115,1.649,0.517,-0.071,118.3
7,alidiff,AliDiff,100,9236,-6.966,-7.744,-8.652,-8.639,2.079,0.741,-6.096,-6.743,-7.768,-7.851,2.168,1.119,-7.849,-8.169,5.983,6.213,-5.938,-7.202,6.003,6.199,0.285,0.178,68.5,76.0,0.503,0.512,0.565,0.560,0.735,0.715,100,100,3.774,0.909,0.684,1.005,0.238,-0.042,614.8
8,kgdiff,KGDiff,100,8813,-8.045,-8.606,-9.426,-9.430,1.671,0.600,-6.686,-7.192,-8.282,-8.303,2.028,1.034,-8.878,-9.233,5.913,6.131,-7.549,-8.305,5.951,6.139,0.255,0.145,77.4,86.1,0.507,0.508,0.535,0.540,0.753,0.749,100,100,3.261,0.721,0.566,0.965,0.278,-0.046,204.8
9,ours_noguide,Ours (Vina Only),100,2145,-8.338,-8.700,-8.885,-8.680,1.089,0.301,-7.891,-8.107,-8.596,-8.417,1.324,0.659,-9.263,-9.368,5.868,6.050,-8.477,-8.653,5.886,6.055,0.200,0.110,69.3,75.0,0.445,0.453,0.558,0.550,0.719,0.718,100,100,1.663,0.373,0.068,0.451,-0.039,-0.012,127.9
10,ours_vina,Ours (Vina+Guide),99,8338,-9.564,-10.061,-10.010,-9.904,1.192,0.244,-8.776,-9.171,-9.299,-9.164,1.470,0.578,-10.371,-10.746,6.074,6.279,-9.289,-9.446,6.083,6.289,0.187,0.089,80.6,89.6,0.475,0.488,0.539,0.530,0.717,0.711,99,99,2.111,0.418,0.052,0.359,-0.063,-0.009,217.1
