model,subset,n_mol,pass_all,pass_all_pct,all_atoms_connected,aromatic_ring_flatness,bond_angles,bond_lengths,double_bond_flatness,inchi_convertible,internal_energy,internal_steric_clash,minimum_distance_to_inorganic_cofactors,minimum_distance_to_organic_cofactors,minimum_distance_to_protein,minimum_distance_to_waters,mol_cond_loaded,mol_pred_loaded,no_radicals,non-aromatic_ring_non-flatness,protein-ligand_maximum_distance,sanitization,volume_overlap_with_inorganic_cofactors,volume_overlap_with_organic_cofactors,volume_overlap_with_protein,volume_overlap_with_waters
Ours (Vina+Guide),docking_successful,8271,2907,35.15,100.0,99.9,56.67,63.57,99.96,99.98,92.52,80.2,99.06,99.47,98.15,100.0,100.0,100.0,100.0,94.97,100.0,99.98,100.0,99.84,99.41,100.0
Ours (Vina+Guide),all_exported,9782,2907,29.72,84.55,99.9,55.79,60.9,99.96,99.98,90.61,75.37,98.67,99.43,93.1,100.0,100.0,100.0,100.0,94.69,100.0,99.98,100.0,99.81,95.78,100.0
Ours (Guide Only),docking_successful,2042,625,30.61,100.0,99.95,39.37,89.86,99.95,100.0,87.81,81.93,99.41,99.36,97.36,100.0,100.0,100.0,100.0,94.56,100.0,100.0,100.0,99.9,99.46,100.0
Ours (Guide Only),all_exported,2042,625,30.61,100.0,99.95,39.37,89.86,99.95,100.0,87.81,81.93,99.41,99.36,97.36,100.0,100.0,100.0,100.0,94.56,100.0,100.0,100.0,99.9,99.46,100.0
TargetDiff,docking_successful,9025,4661,51.65,100.0,99.99,73.93,98.85,99.99,99.99,97.04,91.15,99.07,99.29,87.36,100.0,100.0,100.0,95.09,91.17,100.0,100.0,99.99,99.93,98.93,100.0
TargetDiff,all_exported,9025,4661,51.65,100.0,99.99,73.93,98.85,99.99,99.99,97.04,91.15,99.07,99.29,87.36,100.0,100.0,100.0,95.09,91.17,100.0,100.0,99.99,99.93,98.93,100.0
KGDiff,docking_successful,8498,2463,28.98,100.0,100.0,37.26,88.48,99.96,99.99,87.01,81.22,99.31,99.69,97.48,100.0,100.0,100.0,96.25,94.72,100.0,100.0,99.99,99.99,99.21,100.0
KGDiff,all_exported,8498,2463,28.98,100.0,100.0,37.26,88.48,99.96,99.99,87.01,81.22,99.31,99.69,97.48,100.0,100.0,100.0,96.25,94.72,100.0,100.0,99.99,99.99,99.21,100.0
PIDiff (retrained),docking_successful,8559,3074,35.92,100.0,99.94,51.71,90.92,99.96,99.96,90.5,77.4,99.63,99.14,97.89,100.0,100.0,100.0,100.0,89.54,100.0,99.96,100.0,99.57,99.33,100.0
PIDiff (retrained),all_exported,8559,3074,35.92,100.0,99.94,51.71,90.92,99.96,99.96,90.5,77.4,99.63,99.14,97.89,100.0,100.0,100.0,100.0,89.54,100.0,99.96,100.0,99.57,99.33,100.0
Ours (PIGNet+Guide),docking_successful,7482,2345,31.34,100.0,99.87,44.69,70.57,99.79,99.96,91.27,81.42,98.89,99.51,97.61,100.0,100.0,100.0,100.0,96.08,100.0,99.96,100.0,99.79,99.33,100.0
Ours (PIGNet+Guide),all_exported,9669,2345,24.25,77.38,99.87,44.58,68.05,99.8,99.96,89.93,74.14,98.29,99.51,90.04,100.0,100.0,100.0,100.0,95.66,100.0,99.96,100.0,99.79,94.39,100.0
Ours (PGDiff+Guide),docking_successful,1672,511,30.56,100.0,99.82,38.76,70.99,99.94,100.0,83.43,79.55,99.82,99.28,96.17,100.0,100.0,100.0,100.0,96.89,100.0,100.0,99.94,99.88,98.44,100.0
Ours (PGDiff+Guide),all_exported,2315,511,22.07,72.22,99.87,33.52,59.14,99.91,100.0,70.32,64.36,99.52,99.35,90.67,100.0,100.0,100.0,100.0,97.19,100.0,100.0,99.96,99.87,94.95,100.0
