id,label,n_pockets,n_mols,n_measured,n_unsanitizable,ejsd,ejsd_ci_lo,ejsd_ci_hi,jsd_C-C,jsd_C=C,jsd_C:C,jsd_C-N,jsd_C=N,jsd_C:N,jsd_C-O,jsd_C=O,jsd_C:O,n_C-C,n_C=C,n_C:C,n_C-N,n_C=N,n_C:N,n_C-O,n_C=O,n_C:O,jsd_cc_2a,jsd_cc_2a_ci_lo,jsd_cc_2a_ci_hi,jsd_all_12a,jsd_all_12a_ci_lo,jsd_all_12a_ci_hi,jsd_atom,jsd_atom_ci_lo,jsd_atom_ci_hi,source
reference,Reference (native),100,100,100,0,,,,,,,,,,,,,716,40,500,245,16,213,336,101,2,0.1165,0.0924,0.1791,0.0333,0.0327,0.0534,0.0694,0.0492,0.1005,results/sampling_results/crossdocked_test_vina_docked.pt
pocket2mol,Pocket2Mol,100,9831,9831,0,0.4612,0.4587,0.4662,0.4959,0.5615,0.4159,0.4253,0.6285,0.4873,0.4540,0.5161,0.7829,46568,7621,68918,20660,2981,15545,16631,8750,667,0.3554,0.3500,0.3614,0.1176,0.1017,0.1423,0.0923,0.0836,0.1035,results/sampling_results/pocket2mol_vina_docked.pt
targetdiff,TargetDiff,100,9036,9036,0,0.3778,0.3719,0.3848,0.3688,0.5048,0.2634,0.3631,0.5504,0.2353,0.4209,0.4610,0.8045,111809,12844,22648,28120,4213,3919,31878,9456,90,0.2149,0.2101,0.2214,0.0520,0.0409,0.0658,0.0596,0.0542,0.0669,results/sampling_results/targetdiff_vina_docked.pt
ipdiff,IPDiff,100,9012,9007,5,0.4298,0.4226,0.4381,0.4515,0.5304,0.2212,0.4114,0.5669,0.2545,0.4894,0.4305,0.8326,136987,21265,28508,15450,2451,2464,20007,6511,75,0.2723,0.2627,0.2834,0.0514,0.0420,0.0658,0.1500,0.1375,0.1652,results/ipdiff_official_gen/ipdiff_official_chem_vina_docked.pt
molcraft,MolCRAFT,100,9667,9667,0,0.3326,0.3238,0.3417,0.3206,0.4954,0.3231,0.3014,0.5247,0.2497,0.3537,0.3340,0.8083,81557,8599,56211,26538,3271,5097,30158,10925,163,0.1728,0.1632,0.1837,0.0415,0.0374,0.0498,0.0615,0.0554,0.0716,results/molcraft_gen/molcraft_vina_docked.pt
alidiff,AliDiff,100,9236,9232,4,0.4141,0.4089,0.4203,0.3925,0.5694,0.3325,0.4159,0.6181,0.3946,0.4998,0.4416,0.7872,183824,17763,10342,5723,744,480,20567,5217,48,0.3500,0.3405,0.3599,0.0972,0.0900,0.1054,0.2025,0.1925,0.2136,results/AliDiff_evaluation_results/alidiff_vina_docked.pt
pidiff_retrain,PIDiff (retrained),100,8654,8654,0,0.5064,0.5022,0.5109,0.5302,0.5556,0.3691,0.4417,0.6269,0.4019,0.5326,0.4634,0.7910,99881,20959,12479,34904,6844,2720,21365,13421,99,0.3557,0.3500,0.3617,0.0942,0.0878,0.1044,0.0636,0.0580,0.0702,results/pidiff_retrain_gen/pidiff_retrain_vina_docked.pt
kgdiff,KGDiff,100,8813,8813,0,0.3872,0.3784,0.3981,0.3787,0.5585,0.2048,0.3798,0.5827,0.3266,0.4433,0.4345,0.7621,152591,14350,17401,13126,2025,1644,26870,5983,66,0.3052,0.2873,0.3227,0.0744,0.0668,0.0842,0.1337,0.1226,0.1453,results/sampling_results/our_vina_score_docked.pt
ours_noguide,Ours (Vina Only),100,2145,2145,0,0.4886,0.4820,0.4960,0.4691,0.5996,0.3734,0.4569,0.6498,0.4539,0.5156,0.5634,0.8326,30588,3304,796,6006,756,223,7369,2608,7,0.4064,0.3949,0.4175,0.1095,0.1025,0.1192,0.0745,0.0670,0.0859,results/noguide/vina_fixed_best_noguide/noguide_merged_vina_docked.pt
ours_vina,Ours (Vina+Guide),100,8340,8338,2,0.5012,0.4951,0.5072,0.4850,0.6036,0.4007,0.4603,0.6500,0.4550,0.5237,0.5636,0.8326,136596,18534,4238,18654,3008,686,24026,8633,32,0.4058,0.3956,0.4159,0.0973,0.0932,0.1025,0.1007,0.0922,0.1114,results/vina_fixed_best_gen/vina_fixed_best_vina_docked.pt
novdw,Ours (Guide Only),100,2054,2054,0,0.4153,0.4102,0.4221,0.4009,0.5456,0.2629,0.3964,0.5805,0.3792,0.4643,0.5372,0.7615,32115,3728,3747,4333,855,511,7327,1170,13,0.3228,0.3098,0.3378,0.0861,0.0736,0.1021,0.1066,0.0975,0.1183,results/novdw_gen/novdw_gen_vina_docked.pt
