id,label,n_pockets,n_mols,n_ring_measured,total_rings,total_rings_all,ring_ge10_share_pct,acyclic_pct,mean_rings_per_mol,ring3_occ_pct,ring4_occ_pct,ring5_occ_pct,ring6_occ_pct,ring7_occ_pct,ring8_occ_pct,ring9_occ_pct,ring3_mol_pct,ring4_mol_pct,ring5_mol_pct,ring6_mol_pct,ring7_mol_pct,ring8_mol_pct,ring9_mol_pct,source
reference,Reference (native),100,100,100,242,247,2.0,13.0,2.470,1.7,0.0,30.2,67.4,0.8,0.0,0.0,4.0,0.0,49.0,84.0,2.0,0.0,0.0,results/sampling_results/crossdocked_test_vina_docked.pt
pocket2mol,Pocket2Mol,100,9831,9831,27765,27966,0.7,5.5,2.845,0.1,0.0,16.4,80.4,2.6,0.3,0.1,0.3,0.1,38.0,88.6,7.1,0.9,0.3,results/sampling_results/pocket2mol_vina_docked.pt
targetdiff,TargetDiff,100,9036,9036,25011,25913,3.5,7.1,2.868,0.0,2.8,30.8,50.7,12.1,2.7,0.9,0.0,7.3,57.0,76.1,28.5,7.0,2.4,results/sampling_results/targetdiff_vina_docked.pt
ipdiff,IPDiff,100,9012,9007,29022,30315,4.3,2.8,3.366,0.0,2.2,22.7,52.0,15.9,5.3,2.0,0.0,6.4,51.0,83.7,36.8,13.8,5.7,results/ipdiff_official_gen/ipdiff_official_chem_vina_docked.pt
molcraft,MolCRAFT,100,9667,9667,26640,26820,0.7,8.7,2.774,0.0,0.2,23.3,70.3,5.4,0.6,0.1,0.0,0.6,47.0,85.1,13.5,1.7,0.4,results/molcraft_gen/molcraft_vina_docked.pt
alidiff,AliDiff,100,9236,9232,30178,31406,3.9,3.9,3.402,0.0,2.2,27.0,44.8,18.4,5.5,2.1,0.0,6.7,56.9,76.5,43.9,15.8,6.5,results/AliDiff_evaluation_results/alidiff_vina_docked.pt
pidiff_retrain,PIDiff (retrained),100,8654,8654,21548,22875,5.8,7.7,2.643,0.0,3.4,25.7,48.4,17.1,3.7,1.6,0.0,8.1,45.9,72.4,35.1,8.9,4.0,results/pidiff_retrain_gen/pidiff_retrain_vina_docked.pt
kgdiff,KGDiff,100,8813,8813,33854,35686,5.1,4.8,4.049,0.0,2.9,21.3,46.0,21.2,6.4,2.2,0.0,10.1,51.5,81.1,50.7,19.4,7.6,results/sampling_results/our_vina_score_docked.pt
ours_noguide,Ours (Vina Only),100,2145,2145,5399,5599,3.6,7.5,2.610,0.0,1.4,29.8,53.1,11.7,2.9,1.1,0.0,3.4,52.7,75.0,24.6,6.9,2.5,results/noguide/vina_fixed_best_noguide/noguide_merged_vina_docked.pt
ours_vina,Ours (Vina+Guide),100,8340,8338,27515,28220,2.5,4.3,3.385,0.0,1.1,22.9,54.8,16.6,3.5,1.0,0.0,3.6,51.2,84.8,41.3,10.4,3.2,results/vina_fixed_best_gen/vina_fixed_best_vina_docked.pt
novdw,Ours (Guide Only),100,2054,2054,7874,8240,4.4,4.2,4.012,0.0,3.2,22.4,45.1,21.0,6.0,2.3,0.0,11.0,53.0,82.1,53.5,19.0,7.5,results/novdw_gen/novdw_gen_vina_docked.pt
