id,model,n_pockets,n_attempted,n,n_timeout,timeout_pct,n_nondocked_dropped,n_clash,n_strain,n_inter,clash_mean,clash_median,strain_mean,strain_median,inter_mean,inter_median,heavy_mean,inter_per_atom,int_HBAcceptor_mean,int_HBDonor_mean,int_Hydrophobic_mean,int_VdWContact_mean
ours_vina,Ours (Vina+Guide),100,8325,8101,224,2.69,1494,8101,8070,8101,7.565609184051351,5.0,35223536476162.77,565.6710095699057,14.773978521170227,14.0,24.232810764103196,0.6461090243327282,1.96679422293544,0.8076780644364894,1.7011480064189606,10.298358227379335
ours_noguide,Ours (Vina Only),100,2145,2111,34,1.59,0,2111,2111,2111,7.897678825201327,6.0,201240774088098.06,624.0614978792465,14.387967787778305,14.0,23.609189957366176,0.6452387364282052,2.013737565135007,0.8787304594978683,1.4277593557555661,10.067740407389863
novdw,Ours (Guide Only),100,2034,1925,109,5.36,0,1925,1920,1925,9.616103896103896,7.0,46459800344258.516,440.22659165970447,13.367792207792208,13.0,23.85142857142857,0.5930208190163346,1.6135064935064936,0.7584415584415585,1.358961038961039,9.636883116883117
abl_hbond_hydro_off,Ours (HB+Phob Only),100,1433,1412,21,1.47,0,1412,1412,1412,26.39660056657224,19.0,9557951149221.445,256.551571853322,13.962464589235127,14.0,21.424220963172804,0.6996718586941657,1.5318696883852692,1.1161473087818696,1.3222379603399435,9.992209631728045
abl_hbond_hydro_on,Ours (HB+Phob+Guide),98,1192,1148,44,3.69,0,1148,1140,1148,15.94773519163763,12.5,4243033762774.817,1077.8811662567075,13.701219512195122,13.0,22.790940766550523,0.6474659861405405,1.298780487804878,0.8397212543554007,1.6672473867595818,9.895470383275262
abl_hbond_off,Ours (HB Only),100,1402,1391,11,0.78,0,1391,1391,1391,23.263838964773544,17.0,1683400872658693.8,221.74234807424043,13.525521207764198,13.0,21.418404025880662,0.6897346589454216,1.4665708123652048,1.0395398993529834,1.179726815240834,9.839683680805177
abl_hbond_on,Ours (HB+Guide),99,1219,1171,48,3.94,0,1171,1164,1171,16.234842015371477,11.0,9939610315611.373,361.82239683563455,13.168232280102476,12.0,21.895815542271563,0.6551947088266765,1.3270708795900938,0.7959009393680615,1.5098206660973528,9.535439795046969
abl_hydro_off,Ours (Phob Only),99,2225,2197,28,1.26,0,2197,2196,2197,19.42603550295858,14.0,98246584380.49738,305.16333844158316,14.326354119253528,14.0,23.986345015930816,0.6361960108178577,1.6663632225762404,0.7938097405553027,1.3591260810195722,10.507055075102413
abl_hydro_on,Ours (Phob+Guide),100,2106,1935,171,8.12,0,1935,1933,1935,13.748837209302325,9.0,21265919610025.344,546.4519363653384,13.674935400516796,13.0,23.725581395348836,0.614848166484278,1.3545219638242894,0.5974160206718346,1.6449612403100775,10.078036175710594
abl_none_off,"Ours (No physics, no guide)",100,2098,2083,15,0.71,0,2083,2083,2083,13.98415746519443,10.0,751808195054.7767,257.1239133890279,13.439750360057609,13.0,23.43879020643303,0.6043110835038421,1.5914546327412387,0.7484397503600576,1.227556409025444,9.872299567930868
abl_vdw_hbond_off,Ours (vdW+HB Only),100,2085,2029,56,2.69,0,2029,2029,2029,7.472646623952686,5.0,1174304255795180.5,1030.961360154403,14.032035485460819,13.0,23.431739773287333,0.6300928198649036,2.0763923114834895,0.8693937900443568,1.2784622966978807,9.807787087235091
abl_vdw_hbond_on,Ours (vdW+HB+Guide),98,1988,1844,144,7.24,0,1844,1839,1844,7.404013015184382,5.0,324404540724.7067,1230.6374260734997,14.54880694143167,14.0,23.973969631236443,0.6381083377055754,2.0797180043383947,0.8264642082429501,1.529284164859002,10.113340563991324
abl_vdw_hydro_off,Ours (vdW+Phob Only),100,2071,2045,26,1.26,0,2045,2045,2045,5.043520782396088,3.0,4363308366238.024,637.6068230106405,12.183374083129584,12.0,23.387775061124696,0.5518712013315072,1.5026894865525673,0.38386308068459657,1.3745721271393643,8.922249388753055
abl_vdw_hydro_on,Ours (vdW+Phob+Guide),100,1893,1816,77,4.07,0,1816,1806,1816,5.705396475770925,3.0,89982016079113.62,814.8763142516173,11.661894273127754,11.0,23.38931718061674,0.531194874522496,1.222466960352423,0.32984581497797355,1.6079295154185023,8.501651982378855
abl_vdw_off,Ours (vdW Only),100,2159,2127,32,1.48,0,2127,2126,2127,4.96755994358251,3.0,3486089764879.7173,700.4795719257261,11.963798777621063,11.0,23.693464974141985,0.5374338952987987,1.5890926187118006,0.3921015514809591,1.2125058768218147,8.770098730606488
abl_vdw_on,Ours (vdW+Guide),98,1953,1879,74,3.79,0,1879,1854,1879,6.225651942522618,3.0,172427763897.62518,923.3150798382626,12.621607237892496,12.0,23.671101649813732,0.5653057578170958,1.648749334752528,0.3858435337945716,1.5960617349654072,8.990952634379989
