t,atom,disp_max,belief_entropy,cur_token,ds_acc_C,ds_hyd_C,ds_acc_N,ds_hyd_N,ds_acc_O,ds_hyd_O
999,0,0.07682601362466812,0.5068714022636414,8,-0.2745394706726074,0.4146149158477783,-0.20104408264160156,0.500727653503418,-0.10179686546325684,0.5913791656494141
999,1,0.09615807235240936,0.5068714022636414,10,-0.02539849281311035,0.5370514392852783,0.07492971420288086,0.6235709190368652,0.163893461227417,0.726201057434082
999,2,0.10698533803224564,0.5068714022636414,8,0.13943123817443848,-0.2631833553314209,0.24626374244689941,-0.18700313568115234,0.3682842254638672,-0.09934306144714355
999,3,0.20158651471138,0.5068714022636414,6,-0.27604055404663086,-0.05643773078918457,-0.18516969680786133,0.022710323333740234,-0.1065824031829834,0.16692447662353516
999,4,0.13218557834625244,0.5068714022636414,9,0.4498143196105957,0.16127419471740723,0.5657644271850586,0.20688104629516602,0.6570830345153809,0.25572657585144043
999,5,0.12336933612823486,0.5068714022636414,7,-0.029963016510009766,0.2900431156158447,0.08029055595397949,0.40124034881591797,0.12993931770324707,0.5213108062744141
999,6,0.18127360939979553,0.5068714022636414,0,-0.38385820388793945,-0.24251604080200195,-0.32056379318237305,-0.17371559143066406,-0.27483677864074707,-0.0710153579711914
999,7,0.07167846709489822,0.5068714022636414,9,0.40662527084350586,0.30216002464294434,0.5656595230102539,0.3792414665222168,0.6744480133056641,0.486968994140625
999,8,0.14387474954128265,0.5068714022636414,7,0.04570341110229492,0.677929162979126,0.1252458095550537,0.7726726531982422,0.24524307250976562,0.8443865776062012
999,9,0.10769035667181015,0.5068714022636414,5,1.0952091217041016,-0.2488996982574463,1.2748336791992188,-0.16596508026123047,1.366694450378418,-0.06060147285461426
999,10,0.12590019404888153,0.5068714022636414,9,0.024054288864135742,0.7256481647491455,0.0766448974609375,0.8240528106689453,0.18408441543579102,0.8631701469421387
999,11,0.187012180685997,0.5068714022636414,0,-0.23501801490783691,0.17310595512390137,-0.16405677795410156,0.2029285430908203,-0.1173245906829834,0.21864748001098633
999,12,0.03700264170765877,0.5068714022636414,8,0.11250138282775879,0.918565034866333,0.1989748477935791,1.0198736190795898,0.28690552711486816,1.117011547088623
999,13,0.10942849516868591,0.5068714022636414,6,-0.022542953491210938,-0.010305166244506836,0.03524589538574219,0.11110305786132812,0.10974669456481934,0.2358107566833496
999,14,0.13492324948310852,0.5068714022636414,4,0.29267287254333496,-0.007860422134399414,0.4648892879486084,0.06360578536987305,0.5250754356384277,0.15623831748962402
999,15,0.14636696875095367,0.5068714022636414,5,0.7370753288269043,-0.08961224555969238,0.8004536628723145,-0.009283065795898438,0.8779454231262207,0.07918429374694824
900,0,0.07619105279445648,0.5185863971710205,8,0.12067461013793945,0.11244916915893555,0.22318530082702637,0.19924545288085938,0.3239002227783203,0.2711367607116699
900,1,0.0656566396355629,0.5185863971710205,8,-0.08021426200866699,0.8076169490814209,0.01782512664794922,0.872769832611084,0.10650110244750977,0.9576420783996582
900,2,0.14301319420337677,0.5185863971710205,7,0.14707326889038086,-0.17074370384216309,0.2621772289276123,-0.07109975814819336,0.3541996479034424,0.0189969539642334
900,3,0.17501363158226013,0.5185863971710205,2,-0.2966959476470947,0.127915620803833,-0.22387433052062988,0.16994285583496094,-0.1286790370941162,0.2625734806060791
900,4,0.2501102387905121,0.5185863971710205,1,0.2280409336090088,0.36998486518859863,0.321199893951416,0.3906693458557129,0.3671438694000244,0.3512856960296631
900,5,0.22543516755104065,0.5185863971710205,2,-0.0908811092376709,0.2910444736480713,-0.03375411033630371,0.36844778060913086,-0.03854990005493164,0.4318099021911621
900,6,0.1295776069164276,0.5185863971710205,0,-0.5193605422973633,-0.10444974899291992,-0.447249174118042,-0.005758047103881836,-0.4044308662414551,0.04418635368347168
900,7,0.15015751123428345,0.5185863971710205,6,0.22192955017089844,0.46050047874450684,0.4019482135772705,0.5744061470031738,0.5200700759887695,0.6782326698303223
900,8,0.15242287516593933,0.5185863971710205,6,-0.3909580707550049,0.7952463626861572,-0.35581088066101074,0.9189105033874512,-0.2374415397644043,0.9578628540039062
900,9,0.11974405497312546,0.5185863971710205,1,1.3917231559753418,-0.1173853874206543,1.5800247192382812,-0.04771161079406738,1.6900372505187988,0.039771080017089844
900,10,0.06108609586954117,0.5185863971710205,12,0.01670980453491211,1.0109050273895264,0.0994575023651123,1.1152706146240234,0.20324277877807617,1.2244081497192383
900,11,0.1909356266260147,0.5185863971710205,0,0.05163311958312988,0.12657999992370605,0.12517523765563965,0.14024114608764648,0.14010167121887207,0.14575695991516113
900,12,0.04875965416431427,0.5185863971710205,7,0.3279440402984619,0.8445618152618408,0.41223931312561035,0.9250316619873047,0.5083293914794922,1.031789779663086
900,13,0.1245093122124672,0.5185863971710205,0,0.19554471969604492,0.03720355033874512,0.3933866024017334,0.13081717491149902,0.4889657497406006,0.1874239444732666
900,14,0.061013877391815186,0.5185863971710205,6,0.5206098556518555,-0.11852741241455078,0.6594810485839844,-0.031011581420898438,0.7262988090515137,0.04571700096130371
900,15,0.060000572353601456,0.5185863971710205,10,0.5972380638122559,-0.11667275428771973,0.6834502220153809,-0.019794702529907227,0.7790679931640625,0.06582283973693848
800,0,0.15723435580730438,0.4586162269115448,2,0.6076087951660156,0.08253908157348633,0.6765379905700684,0.2409958839416504,0.8128418922424316,0.3065006732940674
800,1,0.23681922256946564,0.4586162269115448,8,-0.29605531692504883,1.0183274745941162,-0.25185728073120117,1.0670804977416992,-0.31601691246032715,1.0078554153442383
800,2,0.102391816675663,0.4586162269115448,7,0.11739444732666016,0.00932168960571289,0.2065896987915039,0.06140494346618652,0.34162449836730957,0.13212084770202637
800,3,0.1015264168381691,0.4586162269115448,2,-0.36152100563049316,0.2969214916229248,-0.2671496868133545,0.41390085220336914,-0.1608264446258545,0.4408149719238281
800,4,0.3954516053199768,0.4586162269115448,1,0.45186519622802734,0.4861719608306885,0.481900691986084,0.49150753021240234,0.49000000953674316,0.5082736015319824
800,5,0.12596628069877625,0.4586162269115448,2,0.1553337574005127,0.3432304859161377,0.18124008178710938,0.41449499130249023,0.24704527854919434,0.48479413986206055
800,6,0.15792211890220642,0.4586162269115448,2,-0.5164506435394287,-0.08833932876586914,-0.4024207592010498,0.0233306884765625,-0.3607966899871826,0.012663602828979492
800,7,0.12543749809265137,0.4586162269115448,2,0.2039625644683838,0.34096264839172363,0.3233606815338135,0.40878915786743164,0.3674592971801758,0.46370840072631836
800,8,0.27447038888931274,0.4586162269115448,4,-0.07312846183776855,0.8625681400299072,-0.08545827865600586,0.8404250144958496,0.05613112449645996,0.8935446739196777
800,9,0.05228745564818382,0.4586162269115448,1,1.8246116638183594,0.013677835464477539,1.9533777236938477,0.08859491348266602,2.052912712097168,0.20538735389709473
800,10,0.2562580108642578,0.4586162269115448,12,0.15069174766540527,0.905109167098999,0.3002340793609619,0.9936952590942383,0.4161393642425537,1.1058759689331055
800,11,0.22347524762153625,0.4586162269115448,0,-0.18550729751586914,0.6698248386383057,-0.054660797119140625,0.6724510192871094,-0.0014727115631103516,0.7281503677368164
800,12,0.04201978072524071,0.4586162269115448,2,0.48995113372802734,0.5897238254547119,0.5909662246704102,0.6884012222290039,0.6954636573791504,0.7644696235656738
800,13,0.07433109730482101,0.4586162269115448,0,0.6699352264404297,-0.08264303207397461,0.7530784606933594,0.008155584335327148,0.8672513961791992,0.07929396629333496
800,14,0.1511106789112091,0.4586162269115448,10,0.18648838996887207,0.019845008850097656,0.25999879837036133,0.09808874130249023,0.35375523567199707,0.10181760787963867
800,15,0.16595248878002167,0.4586162269115448,10,0.7377262115478516,-0.04251670837402344,0.8536124229431152,0.0701742172241211,0.9207463264465332,0.1562199592590332
700,0,0.2040591686964035,0.43992483615875244,2,0.4112277030944824,0.4284789562225342,0.48708558082580566,0.6194839477539062,0.6374974250793457,0.7451019287109375
700,1,0.36233261227607727,0.43992483615875244,8,-0.09696578979492188,0.9656140804290771,-0.14996790885925293,1.0349602699279785,-0.2435450553894043,1.056260585784912
700,2,0.20501436293125153,0.43992483615875244,10,0.1014869213104248,-0.0329134464263916,0.20836853981018066,0.048430681228637695,0.28908705711364746,0.05094337463378906
700,3,0.1375121921300888,0.43992483615875244,2,-0.3730814456939697,0.3193233013153076,-0.24486112594604492,0.47312402725219727,-0.12978291511535645,0.47127723693847656
700,4,0.4019433259963989,0.43992483615875244,4,0.4744443893432617,0.2838609218597412,0.4793541431427002,0.2899329662322998,0.5585677623748779,0.2934377193450928
700,5,0.22117094695568085,0.43992483615875244,2,-0.4407327175140381,0.36129069328308105,-0.36608338356018066,0.40819787979125977,-0.34543490409851074,0.47379446029663086
700,6,0.316311240196228,0.43992483615875244,2,-0.22203445434570312,-0.2718479633331299,-0.17591094970703125,-0.17333149909973145,-0.2296900749206543,-0.12688517570495605
700,7,0.17291392385959625,0.43992483615875244,2,0.12445402145385742,0.24601340293884277,0.2709958553314209,0.4336090087890625,0.22056150436401367,0.4310169219970703
700,8,0.34655052423477173,0.43992483615875244,1,-0.053577423095703125,0.7731359004974365,-0.09619951248168945,0.7299718856811523,0.06040835380554199,0.7322292327880859
700,9,0.07975951582193375,0.43992483615875244,1,1.8217825889587402,-0.057317256927490234,1.877943515777588,0.010038375854492188,2.0235023498535156,0.12632155418395996
700,10,0.25755128264427185,0.43992483615875244,12,0.22399044036865234,0.7968480587005615,0.29303693771362305,0.9218564033508301,0.4885406494140625,0.8939108848571777
700,11,0.43903639912605286,0.43992483615875244,0,-0.34581732749938965,0.7162621021270752,-0.2678816318511963,0.7970752716064453,-0.22757720947265625,0.8080744743347168
700,12,0.2542555630207062,0.43992483615875244,2,0.24152445793151855,0.673997163772583,0.3454263210296631,0.8501644134521484,0.47461748123168945,0.9476766586303711
700,13,0.1081576868891716,0.43992483615875244,5,0.3092501163482666,0.22009968757629395,0.41787171363830566,0.2746255397796631,0.5378308296203613,0.35375261306762695
700,14,0.1381014585494995,0.43992483615875244,10,0.19112181663513184,0.1657547950744629,0.30719661712646484,0.24804377555847168,0.36136603355407715,0.2926762104034424
700,15,0.15331602096557617,0.43992483615875244,10,0.868861198425293,0.01103663444519043,0.9183645248413086,0.14137649536132812,1.0598936080932617,0.2204594612121582
600,0,0.3861079216003418,0.3723522126674652,2,0.2868802547454834,0.541245698928833,0.2717156410217285,0.7417044639587402,0.4644289016723633,0.8915252685546875
600,1,0.6031156182289124,0.3723522126674652,0,0.1714000701904297,1.1468660831451416,0.32378411293029785,1.030296802520752,-0.10703396797180176,1.1407546997070312
600,2,0.14333514869213104,0.3723522126674652,2,0.24444174766540527,-0.07207059860229492,0.35544800758361816,0.006931781768798828,0.49990177154541016,0.0786435604095459
600,3,0.1562127321958542,0.3723522126674652,2,-0.3427715301513672,-0.020452499389648438,-0.23526453971862793,0.2128589153289795,-0.1623549461364746,0.1754767894744873
600,4,0.6646406650543213,0.3723522126674652,4,0.6110725402832031,0.2460315227508545,0.8528027534484863,0.2196483612060547,1.1818914413452148,-0.08594369888305664
600,5,0.22541223466396332,0.3723522126674652,2,-0.4513416290283203,0.44161248207092285,-0.3731870651245117,0.48607587814331055,-0.3436746597290039,0.5617642402648926
600,6,0.41255518794059753,0.3723522126674652,2,0.03103494644165039,-0.30235743522644043,0.03287196159362793,-0.19703125953674316,-0.10993289947509766,-0.19618725776672363
600,7,0.1334788203239441,0.3723522126674652,2,0.07304024696350098,0.29149794578552246,0.14689016342163086,0.4048624038696289,0.22802257537841797,0.4857611656188965
600,8,0.7502667903900146,0.3723522126674652,1,-0.13057780265808105,0.7712996006011963,-0.1570897102355957,0.7050209045410156,-0.006561994552612305,0.4971165657043457
600,9,0.08261693269014359,0.3723522126674652,1,2.0972437858581543,-0.0162656307220459,2.1326379776000977,0.10958147048950195,2.267045497894287,0.23859667778015137
600,10,0.34537768363952637,0.3723522126674652,12,0.27031803131103516,0.7508695125579834,0.38443660736083984,0.82080078125,0.5876367092132568,0.9082608222961426
600,11,0.4476841390132904,0.3723522126674652,12,-0.3790934085845947,0.7355821132659912,-0.32816243171691895,0.8086948394775391,-0.17415833473205566,0.8844876289367676
600,12,0.2931782603263855,0.3723522126674652,2,0.047792911529541016,0.2657201290130615,0.12477397918701172,0.4346137046813965,0.23912787437438965,0.4647817611694336
600,13,0.07703447341918945,0.3723522126674652,5,0.5595293045043945,0.005224466323852539,0.6295113563537598,0.13187098503112793,0.7951769828796387,0.19239020347595215
600,14,0.06390044093132019,0.3723522126674652,2,0.29175782203674316,0.2008664608001709,0.39248108863830566,0.2777974605560303,0.5030755996704102,0.39933347702026367
600,15,0.1291765421628952,0.3723522126674652,7,0.6279754638671875,-0.009748458862304688,0.6782922744750977,0.06468439102172852,0.7489795684814453,0.11761999130249023
500,0,0.08496169000864029,0.17324210703372955,2,0.49913549423217773,0.883108377456665,0.5902237892150879,0.9463810920715332,0.6982669830322266,1.1120610237121582
500,1,0.4790639877319336,0.17324210703372955,8,-0.20351886749267578,1.0264532566070557,-0.02909398078918457,1.2340583801269531,-0.12599635124206543,0.9257006645202637
500,2,0.18270087242126465,0.17324210703372955,2,0.23636364936828613,-0.15005254745483398,0.3203113079071045,-0.07063698768615723,0.4133188724517822,0.011756658554077148
500,3,0.049601949751377106,0.17324210703372955,2,-0.26242566108703613,0.6271631717681885,-0.1857776641845703,0.7206554412841797,-0.10556364059448242,0.8090057373046875
500,4,0.7587612271308899,0.17324210703372955,4,0.3070180416107178,0.49854159355163574,0.49568676948547363,0.46320104598999023,1.1197748184204102,-0.020594120025634766
500,5,0.09513971954584122,0.17324210703372955,2,-0.5093541145324707,0.40979981422424316,-0.3844118118286133,0.5317807197570801,-0.27457427978515625,0.6180820465087891
500,6,0.12178319692611694,0.17324210703372955,2,0.1884324550628662,-0.1322309970855713,0.3415255546569824,-0.008938074111938477,0.3780968189239502,0.07369470596313477
500,7,0.06650147587060928,0.17324210703372955,2,0.1161794662475586,0.26547741889953613,0.18770408630371094,0.3746309280395508,0.3052041530609131,0.47693729400634766
500,8,0.038887687027454376,0.17324210703372955,1,-0.19491052627563477,0.5581424236297607,-0.07673525810241699,0.6887569427490234,0.028656005859375,0.7892160415649414
500,9,0.0368494875729084,0.17324210703372955,1,1.8790907859802246,-0.0940544605255127,1.9802098274230957,0.01650404930114746,2.0945749282836914,0.11986207962036133
500,10,0.15175412595272064,0.17324210703372955,4,0.05825638771057129,0.9411823749542236,0.25429368019104004,0.9438223838806152,0.3259422779083252,1.066176414489746
500,11,0.1163746565580368,0.17324210703372955,5,-0.3284173011779785,0.5429484844207764,-0.2795259952545166,0.6468691825866699,-0.0758819580078125,0.836176872253418
500,12,0.06951047480106354,0.17324210703372955,2,0.5434999465942383,0.3993351459503174,0.6192746162414551,0.5325407981872559,0.7555489540100098,0.6199731826782227
500,13,0.10307087004184723,0.17324210703372955,5,0.27385997772216797,-0.014049768447875977,0.3914961814880371,0.07666206359863281,0.5070915222167969,0.1631910800933838
500,14,0.08988437801599503,0.17324210703372955,2,0.24471735954284668,0.39396023750305176,0.33667588233947754,0.5046482086181641,0.4100794792175293,0.6432209014892578
500,15,0.05729733780026436,0.17324210703372955,2,0.17803192138671875,-0.08863401412963867,0.28679704666137695,-0.04247903823852539,0.3894813060760498,0.06586098670959473
400,0,0.090970478951931,0.12020654231309891,2,0.5663008689880371,0.9110286235809326,0.653435230255127,1.0549530982971191,0.7112617492675781,1.152679443359375
400,1,0.09799913316965103,0.12020654231309891,4,-0.29766845703125,0.9095203876495361,-0.12829971313476562,1.0772137641906738,-0.11907649040222168,1.1178312301635742
400,2,0.06712329387664795,0.12020654231309891,2,0.2353224754333496,-0.1563549041748047,0.3338911533355713,-0.06587815284729004,0.44809436798095703,0.025278806686401367
400,3,0.10702703893184662,0.12020654231309891,2,-0.33519434928894043,0.7100837230682373,-0.19254636764526367,0.7717366218566895,-0.18938422203063965,0.963444709777832
400,4,0.3801751136779785,0.12020654231309891,4,0.5391016006469727,0.14402270317077637,0.7539196014404297,0.11580228805541992,0.9118194580078125,0.0148773193359375
400,5,0.024327268823981285,0.12020654231309891,2,-0.3501145839691162,0.3465859889984131,-0.24730491638183594,0.4371061325073242,-0.12732553482055664,0.5370097160339355
400,6,0.03424032777547836,0.12020654231309891,2,0.46830129623413086,-0.261812686920166,0.5887866020202637,-0.1910560131072998,0.678835391998291,-0.06882357597351074
400,7,0.04170430451631546,0.12020654231309891,2,-0.24224519729614258,0.23366856575012207,-0.12528729438781738,0.3558635711669922,-0.05953574180603027,0.41831350326538086
400,8,0.03996296226978302,0.12020654231309891,1,-0.15410733222961426,0.6264832019805908,-0.06856012344360352,0.7311577796936035,0.05591893196105957,0.8348898887634277
400,9,0.01818038709461689,0.12020654231309891,1,1.8899316787719727,-0.12007713317871094,1.9826478958129883,-0.01183009147644043,2.0792150497436523,0.09768795967102051
400,10,0.16505146026611328,0.12020654231309891,4,0.03236556053161621,1.0128953456878662,0.2485814094543457,0.9888648986816406,0.3959197998046875,1.0494685173034668
400,11,0.13564328849315643,0.12020654231309891,5,-0.3190274238586426,0.6162831783294678,-0.33117032051086426,0.612091064453125,-0.09821248054504395,0.837273120880127
400,12,0.03457411378622055,0.12020654231309891,2,0.709996223449707,0.11393857002258301,0.8029661178588867,0.21245503425598145,0.9038605690002441,0.3354933261871338
400,13,0.025896601378917694,0.12020654231309891,5,0.2362210750579834,0.0002486705780029297,0.3530738353729248,0.083251953125,0.43975186347961426,0.19777989387512207
400,14,0.06264079362154007,0.12020654231309891,2,0.1758432388305664,0.4927647113800049,0.2923307418823242,0.5834040641784668,0.40483975410461426,0.685523509979248
400,15,0.03774084150791168,0.12020654231309891,2,0.16547918319702148,-0.13699674606323242,0.23680639266967773,-0.03918290138244629,0.3477964401245117,0.06352901458740234
300,0,0.084943987429142,0.09712648391723633,2,0.4720492362976074,0.8742406368255615,0.5260167121887207,0.9426460266113281,0.5913238525390625,1.0067081451416016
300,1,0.200624480843544,0.09712648391723633,4,-0.1328599452972412,1.0488507747650146,0.08540081977844238,1.2396273612976074,0.029922008514404297,1.245192527770996
300,2,0.02988864667713642,0.09712648391723633,2,0.29273438453674316,-0.18936872482299805,0.40565991401672363,-0.11230158805847168,0.5090484619140625,-0.0044672489166259766
300,3,0.06672712415456772,0.09712648391723633,2,-0.07604694366455078,0.5085680484771729,0.013245344161987305,0.608675479888916,0.08563995361328125,0.733248233795166
300,4,0.3836088180541992,0.09712648391723633,4,0.46617841720581055,0.18300080299377441,0.6639351844787598,0.23913216590881348,0.785675048828125,0.12041759490966797
300,5,0.020023824647068977,0.09712648391723633,2,-0.3273007869720459,0.33586668968200684,-0.23263192176818848,0.4381399154663086,-0.11590218544006348,0.5249209403991699
300,6,0.027012087404727936,0.09712648391723633,2,0.5875167846679688,-0.23938298225402832,0.7001357078552246,-0.16295981407165527,0.7990045547485352,-0.04235959053039551
300,7,0.06741729378700256,0.09712648391723633,2,-0.384505033493042,0.2841479778289795,-0.226806640625,0.4111628532409668,-0.1607964038848877,0.47766923904418945
300,8,0.016327133402228355,0.09712648391723633,1,-0.08978033065795898,0.6071064472198486,0.005967617034912109,0.7020483016967773,0.11658000946044922,0.8099899291992188
300,9,0.013380183838307858,0.09712648391723633,1,1.9270782470703125,-0.09371781349182129,2.02156925201416,0.008946657180786133,2.1169071197509766,0.11277413368225098
300,10,0.05764347314834595,0.09712648391723633,4,0.220658540725708,0.8109867572784424,0.3327622413635254,0.9015130996704102,0.46711230278015137,0.9736523628234863
300,11,0.36701738834381104,0.09712648391723633,5,-0.30387353897094727,0.5402896404266357,-0.40807318687438965,0.44370508193969727,0.03214383125305176,0.9029421806335449
300,12,0.026483839377760887,0.09712648391723633,2,0.6110615730285645,0.2084972858428955,0.7055706977844238,0.2982463836669922,0.8021235466003418,0.41850900650024414
300,13,0.01953491009771824,0.09712648391723633,5,0.20858120918273926,0.02954721450805664,0.31692934036254883,0.12169718742370605,0.4039463996887207,0.23535609245300293
300,14,0.03552808240056038,0.09712648391723633,2,0.24161911010742188,0.28850722312927246,0.3471391201019287,0.3862190246582031,0.46381378173828125,0.470980167388916
300,15,0.032556500285863876,0.09712648391723633,2,0.15550780296325684,-0.04079246520996094,0.2316896915435791,0.05533313751220703,0.337360143661499,0.16985321044921875
200,0,0.05055801197886467,0.08684156090021133,2,0.26662325859069824,0.7215721607208252,0.330657958984375,0.7963833808898926,0.42319512367248535,0.8906235694885254
200,1,0.17439031600952148,0.08684156090021133,4,0.2927875518798828,0.9037487506866455,0.5455732345581055,0.8334817886352539,0.6055097579956055,0.9785995483398438
200,2,0.04597621411085129,0.08684156090021133,2,0.4693264961242676,-0.21863627433776855,0.5772271156311035,-0.14714980125427246,0.6929569244384766,-0.05083513259887695
200,3,0.027610229328274727,0.08684156090021133,2,0.028528451919555664,0.44811367988586426,0.12023138999938965,0.5409088134765625,0.21827006340026855,0.6331138610839844
200,4,0.33944645524024963,0.08684156090021133,1,0.6325373649597168,0.1754903793334961,0.7755603790283203,0.2715907096862793,0.8879494667053223,0.1728956699371338
200,5,0.04478780925273895,0.08684156090021133,2,-0.3298780918121338,0.4024960994720459,-0.2448890209197998,0.5099329948425293,-0.12163329124450684,0.6083483695983887
200,6,0.02234475128352642,0.08684156090021133,2,0.6992588043212891,-0.23015069961547852,0.8028774261474609,-0.15159821510314941,0.9035649299621582,-0.038922786712646484
200,7,0.04438817873597145,0.08684156090021133,2,-0.42563652992248535,0.32351183891296387,-0.2873809337615967,0.4445943832397461,-0.20789647102355957,0.5349154472351074
200,8,0.042731303721666336,0.08684156090021133,1,-0.14102768898010254,0.5150682926177979,-0.07323789596557617,0.5911211967468262,0.06372261047363281,0.7226252555847168
200,9,0.014252669177949429,0.08684156090021133,1,2.002472400665283,-0.0864107608795166,2.0975608825683594,0.01656794548034668,2.1919565200805664,0.12225985527038574
200,10,0.08282145857810974,0.08684156090021133,2,0.14191174507141113,0.889573335647583,0.28179049491882324,0.9486451148986816,0.4102663993835449,1.019770622253418
200,11,0.2667408287525177,0.08684156090021133,5,-0.12824273109436035,0.6946899890899658,-0.1621413230895996,0.6499214172363281,0.19623494148254395,1.003699779510498
200,12,0.028346242383122444,0.08684156090021133,2,0.6141033172607422,0.13631558418273926,0.6948628425598145,0.23752093315124512,0.7928433418273926,0.3567056655883789
200,13,0.021858729422092438,0.08684156090021133,5,0.23157238960266113,0.014805316925048828,0.3299102783203125,0.10909104347229004,0.4343416690826416,0.2148127555847168
200,14,0.031490568071603775,0.08684156090021133,2,0.3068215847015381,0.09549808502197266,0.39137959480285645,0.21470427513122559,0.5105271339416504,0.3089599609375
200,15,0.021479740738868713,0.08684156090021133,2,0.17316579818725586,0.05233311653137207,0.27060723304748535,0.15839672088623047,0.3684806823730469,0.27307581901550293
100,0,0.020999345928430557,0.07736736536026001,2,0.11906933784484863,0.5887629985809326,0.20844483375549316,0.6813373565673828,0.30409836769104004,0.7755289077758789
100,1,0.09039908647537231,0.07736736536026001,4,0.35717201232910156,0.6411159038543701,0.3786580562591553,0.652184009552002,0.49144554138183594,0.7588586807250977
100,2,0.049906566739082336,0.07736736536026001,2,0.6135149002075195,-0.21397972106933594,0.7211408615112305,-0.1392972469329834,0.8265886306762695,-0.045226335525512695
100,3,0.02169599011540413,0.07736736536026001,2,-0.014532089233398438,0.4127695560455322,0.07893180847167969,0.5016546249389648,0.17906808853149414,0.5964937210083008
100,4,0.2770788371562958,0.07736736536026001,1,0.6822690963745117,0.07129120826721191,0.7990303039550781,0.17326092720031738,0.9098453521728516,0.11458110809326172
100,5,0.03465254232287407,0.07736736536026001,2,-0.3328418731689453,0.39175868034362793,-0.23090767860412598,0.48514270782470703,-0.10605645179748535,0.5831112861633301
100,6,0.027949579060077667,0.07736736536026001,2,0.7774620056152344,-0.17805242538452148,0.8927626609802246,-0.09456348419189453,0.9745283126831055,0.01129603385925293
100,7,0.02667960897088051,0.07736736536026001,2,-0.44882798194885254,0.326251745223999,-0.3241095542907715,0.4420943260192871,-0.241288423538208,0.5286831855773926
100,8,0.038054488599300385,0.07736736536026001,1,-0.12939691543579102,0.5631654262542725,-0.06055498123168945,0.6375632286071777,0.0734260082244873,0.7699289321899414
100,9,0.008776843547821045,0.07736736536026001,2,2.032414436340332,-0.07301568984985352,2.129331588745117,0.030334949493408203,2.2245607376098633,0.13033819198608398
100,10,0.07003960013389587,0.07736736536026001,2,0.2291264533996582,0.7960770130157471,0.3594956398010254,0.8649473190307617,0.49118494987487793,0.9321703910827637
100,11,0.21745194494724274,0.07736736536026001,5,-0.011740446090698242,0.7785346508026123,-0.01003265380859375,0.7602801322937012,0.2764148712158203,1.0770683288574219
100,12,0.019219422712922096,0.07736736536026001,2,0.5507035255432129,0.18210530281066895,0.6511168479919434,0.27686309814453125,0.7363553047180176,0.39601755142211914
100,13,0.024874886497855186,0.07736736536026001,2,0.2359786033630371,0.019924402236938477,0.33392882347106934,0.12146854400634766,0.42752814292907715,0.23145484924316406
100,14,0.019275465980172157,0.07736736536026001,2,0.3291034698486328,0.09002900123596191,0.4301307201385498,0.19234347343444824,0.5385687351226807,0.2922787666320801
100,15,0.030240533873438835,0.07736736536026001,2,0.21964740753173828,0.11442184448242188,0.3295464515686035,0.22626042366027832,0.42130613327026367,0.34064722061157227
50,0,0.01814056560397148,0.06985890865325928,2,0.05843806266784668,0.5114567279815674,0.15610241889953613,0.6119747161865234,0.2536487579345703,0.7069320678710938
50,1,0.06950552016496658,0.06985890865325928,4,0.23266315460205078,0.5068624019622803,0.27454161643981934,0.5389604568481445,0.38605737686157227,0.6438412666320801
50,2,0.044651567935943604,0.06985890865325928,2,0.6302924156188965,-0.2093648910522461,0.7507538795471191,-0.1329336166381836,0.8464112281799316,-0.036844730377197266
50,3,0.021711301058530807,0.06985890865325928,2,-0.040451765060424805,0.3813798427581787,0.05549192428588867,0.4706740379333496,0.1557168960571289,0.5663843154907227
50,4,0.2653965950012207,0.06985890865325928,1,0.7193007469177246,0.029798269271850586,0.8360500335693359,0.12090682983398438,0.9425921440124512,0.07476973533630371
50,5,0.03811122104525566,0.06985890865325928,2,-0.33669304847717285,0.38587450981140137,-0.22718405723571777,0.4777684211730957,-0.10255813598632812,0.5778422355651855
50,6,0.022932205349206924,0.06985890865325928,2,0.8206462860107422,-0.15708589553833008,0.9325504302978516,-0.06891846656799316,1.0181183815002441,0.0329129695892334
50,7,0.028300706297159195,0.06985890865325928,2,-0.45166468620300293,0.3484022617340088,-0.32614779472351074,0.4643421173095703,-0.24509954452514648,0.5488080978393555
50,8,0.03797858953475952,0.06985890865325928,1,-0.12551450729370117,0.574392557144165,-0.05827140808105469,0.6459798812866211,0.07602572441101074,0.7788052558898926
50,9,0.00872324500232935,0.06985890865325928,2,2.070969581604004,-0.06373786926269531,2.1682114601135254,0.039624691009521484,2.262969493865967,0.1383988857269287
50,10,0.0592203252017498,0.06985890865325928,2,0.33508801460266113,0.6901533603668213,0.45694470405578613,0.7665443420410156,0.5865979194641113,0.8353476524353027
50,11,0.19380348920822144,0.06985890865325928,5,0.04947471618652344,0.8348948955535889,0.06420087814331055,0.825106143951416,0.31986403465270996,1.1166391372680664
50,12,0.021602293476462364,0.06985890865325928,2,0.5241036415100098,0.21226096153259277,0.6258187294006348,0.3080272674560547,0.7071623802185059,0.4292449951171875
50,13,0.022424038499593735,0.06985890865325928,2,0.23051810264587402,0.0240478515625,0.3244607448577881,0.12430381774902344,0.4205014705657959,0.24014735221862793
50,14,0.018896283581852913,0.06985890865325928,2,0.36040186882019043,0.07983613014221191,0.4613528251647949,0.17871522903442383,0.5691792964935303,0.2820725440979004
50,15,0.02872123196721077,0.06985890865325928,2,0.24000811576843262,0.14590811729431152,0.3490772247314453,0.2571380138397217,0.44292616844177246,0.3702211380004883
20,0,0.017948318272829056,0.0664709210395813,2,0.023825407028198242,0.47364115715026855,0.12519264221191406,0.5763368606567383,0.22300338745117188,0.6698112487792969
20,1,0.05463900789618492,0.0664709210395813,4,0.1580519676208496,0.42638373374938965,0.21460223197937012,0.4741697311401367,0.3220665454864502,0.5755972862243652
20,2,0.04343302547931671,0.0664709210395813,2,0.5911507606506348,-0.20251226425170898,0.7108955383300781,-0.12325024604797363,0.8087129592895508,-0.02639484405517578
20,3,0.02286667376756668,0.0664709210395813,2,-0.05617046356201172,0.3644282817840576,0.03923678398132324,0.4525160789489746,0.13795256614685059,0.5475053787231445
20,4,0.27505868673324585,0.0664709210395813,1,0.7622323036193848,-0.005803346633911133,0.8729863166809082,0.07888674736022949,0.9770746231079102,0.039330482482910156
20,5,0.043132711201906204,0.0664709210395813,2,-0.34191203117370605,0.3752720355987549,-0.22622156143188477,0.46656036376953125,-0.10106301307678223,0.567899227142334
20,6,0.019528858363628387,0.0664709210395813,2,0.8628954887390137,-0.1333913803100586,0.973719596862793,-0.040807247161865234,1.0631461143493652,0.05815577507019043
20,7,0.02475810796022415,0.0664709210395813,2,-0.4680936336517334,0.3615114688873291,-0.34703588485717773,0.47361087799072266,-0.26814889907836914,0.5558638572692871
20,8,0.03622327372431755,0.0664709210395813,1,-0.12449336051940918,0.5771749019622803,-0.055650949478149414,0.6484460830688477,0.0773019790649414,0.7803535461425781
20,9,0.00769667886197567,0.0664709210395813,2,2.0974197387695312,-0.060294389724731445,2.195674419403076,0.042397499084472656,2.2905783653259277,0.14270544052124023
20,10,0.05365525186061859,0.0664709210395813,2,0.40360546112060547,0.6216127872467041,0.520805835723877,0.7017254829406738,0.6476259231567383,0.7729368209838867
20,11,0.18726196885108948,0.0664709210395813,5,0.10214447975158691,0.8841984272003174,0.12540268898010254,0.879730224609375,0.36769986152648926,1.1267657279968262
20,12,0.022767016664147377,0.0664709210395813,2,0.49565553665161133,0.2329418659210205,0.5991048812866211,0.32883262634277344,0.6775774955749512,0.44999170303344727
20,13,0.017221055924892426,0.0664709210395813,2,0.2143995761871338,0.01797962188720703,0.3133060932159424,0.11594891548156738,0.4073622226715088,0.23215174674987793
20,14,0.018998753279447556,0.0664709210395813,2,0.3802502155303955,0.07828640937805176,0.48090028762817383,0.1763153076171875,0.5879285335540771,0.28174281120300293
20,15,0.02794443629682064,0.0664709210395813,2,0.23643159866333008,0.1781609058380127,0.3477010726928711,0.29065918922424316,0.4392249584197998,0.40250730514526367
5,0,0.01892992854118347,0.06483535468578339,2,-0.012644290924072266,0.429241418838501,0.08644318580627441,0.5294094085693359,0.18593597412109375,0.6233134269714355
5,1,0.041514743119478226,0.06483535468578339,4,0.07605314254760742,0.3405582904815674,0.14630126953125,0.4023928642272949,0.25177431106567383,0.5033736228942871
5,2,0.040901072323322296,0.06483535468578339,2,0.5483312606811523,-0.1994938850402832,0.668393611907959,-0.12005257606506348,0.7617144584655762,-0.02082967758178711
5,3,0.025188373401761055,0.06483535468578339,2,-0.07270574569702148,0.34877753257751465,0.02155923843383789,0.4356565475463867,0.11865997314453125,0.5286011695861816
5,4,0.2828226387500763,0.06483535468578339,1,0.7928075790405273,-0.029529094696044922,0.9018492698669434,0.05004763603210449,1.005228042602539,0.012314319610595703
5,5,0.04401136934757233,0.06483535468578339,2,-0.3450932502746582,0.36345458030700684,-0.22853755950927734,0.4556002616882324,-0.10336017608642578,0.5580658912658691
5,6,0.018832605332136154,0.06483535468578339,2,0.8950281143188477,-0.11035299301147461,1.0040936470031738,-0.013608932495117188,1.095167636871338,0.08375096321105957
5,7,0.02228366956114769,0.06483535468578339,2,-0.46265530586242676,0.38021302223205566,-0.3467717170715332,0.48842573165893555,-0.2680487632751465,0.5681900978088379
5,8,0.0357770100235939,0.06483535468578339,1,-0.12396097183227539,0.5797121524810791,-0.05538582801818848,0.6507706642150879,0.0772240161895752,0.782867431640625
5,9,0.012350739911198616,0.06483535468578339,2,2.1251401901245117,-0.06611800193786621,2.2250118255615234,0.03539299964904785,2.3155593872070312,0.1372215747833252
5,10,0.0468706376850605,0.06483535468578339,2,0.5060420036315918,0.5175387859344482,0.615788459777832,0.6041722297668457,0.7407436370849609,0.6771821975708008
5,11,0.19294768571853638,0.06483535468578339,5,0.1294691562652588,0.91025710105896,0.15439963340759277,0.9075584411621094,0.3977172374725342,1.1252665519714355
5,12,0.023370986804366112,0.06483535468578339,2,0.46727514266967773,0.2589867115020752,0.5708484649658203,0.3558349609375,0.6482124328613281,0.47679567337036133
5,13,0.01746308244764805,0.06483535468578339,2,0.19881963729858398,0.016536951065063477,0.30001258850097656,0.1142888069152832,0.3904721736907959,0.2293846607208252
5,14,0.019569652155041695,0.06483535468578339,2,0.3832733631134033,0.07725667953491211,0.4837319850921631,0.1748063564300537,0.5912442207336426,0.2802314758300781
5,15,0.027011066675186157,0.06483535468578339,2,0.2555973529815674,0.1893777847290039,0.3684532642364502,0.30322885513305664,0.45834994316101074,0.4132041931152344
