id,label,n_pockets,n_mols,n_unmeasurable,qed_avg,qed_std,qed_med,qed_q25,qed_q75,sa_avg,sa_std,sa_med,sa_q25,sa_q75,logp_avg,logp_std,logp_med,logp_q25,logp_q75,tpsa_avg,tpsa_std,tpsa_med,tpsa_q25,tpsa_q75,mw_avg,mw_std,mw_med,mw_q25,mw_q75,lipinski_avg,lipinski_std,lipinski_med,lipinski_q25,lipinski_q75,lipinski_pass5_pct,lipinski_pass4plus_pct,div_avg,div_med,n_pockets_div,heavy_avg,heavy_med,exact_mw_avg,source
reference,Reference (native),100,100,0,0.476,0.205,0.468,0.308,0.670,0.728,0.139,0.740,0.640,0.840,0.89,2.73,1.09,-1.19,2.82,117.1,74.1,92.5,70.0,145.0,332.6,144.7,320.6,224.2,430.7,4.27,1.16,5.00,4.00,5.00,65.0,77.0,,,0,22.75,21.50,332.35,results/sampling_results/crossdocked_test_vina_docked.pt
pocket2mol,Pocket2Mol,100,9831,0,0.573,0.154,0.577,0.472,0.684,0.756,0.124,0.760,0.670,0.850,1.51,1.87,1.33,0.25,2.58,63.5,34.5,60.7,38.4,83.6,241.4,120.1,208.3,149.2,303.3,4.88,0.38,5.00,5.00,5.00,89.9,98.2,0.692,0.711,100,17.74,15.00,241.25,results/sampling_results/pocket2mol_vina_docked.pt
targetdiff,TargetDiff,100,9036,0,0.480,0.199,0.481,0.327,0.633,0.585,0.128,0.580,0.510,0.660,1.36,2.38,1.35,-0.27,2.97,100.1,50.7,93.6,62.2,130.1,344.1,127.1,348.1,256.4,427.4,4.51,0.89,5.00,4.00,5.00,70.3,86.9,0.717,0.714,100,24.24,24.00,343.88,results/sampling_results/targetdiff_vina_docked.pt
ipdiff,IPDiff,100,9012,5,0.518,0.183,0.524,0.385,0.658,0.593,0.148,0.590,0.500,0.680,3.58,3.01,3.28,1.53,5.39,59.6,46.0,54.4,21.3,86.7,331.9,122.8,336.4,246.8,414.3,4.52,0.72,5.00,4.00,5.00,63.2,91.1,0.738,0.731,100,24.14,25.00,331.62,results/ipdiff_official_gen/ipdiff_official_chem_vina_docked.pt
molcraft,MolCRAFT,100,9667,0,0.504,0.201,0.506,0.342,0.664,0.686,0.137,0.680,0.590,0.780,1.16,2.65,1.28,-0.63,2.99,102.6,59.3,92.5,59.1,134.4,322.3,131.2,325.4,216.3,413.5,4.46,0.93,5.00,4.00,5.00,67.1,85.3,0.725,0.727,100,22.71,23.00,322.05,results/molcraft_gen/molcraft_vina_docked.pt
alidiff,AliDiff,100,9236,4,0.503,0.164,0.512,0.388,0.624,0.565,0.141,0.560,0.480,0.650,4.38,2.86,4.47,2.44,6.35,48.6,40.3,40.5,20.2,66.8,338.4,124.8,344.5,254.4,420.7,4.38,0.74,5.00,4.00,5.00,51.3,89.4,0.735,0.715,100,24.43,25.00,338.14,results/AliDiff_evaluation_results/alidiff_vina_docked.pt
pidiff_retrain,PIDiff (retrained),100,8654,0,0.438,0.202,0.438,0.279,0.591,0.557,0.127,0.550,0.480,0.630,1.38,2.19,1.28,-0.17,2.83,96.8,47.9,91.3,62.1,125.9,337.7,124.1,340.4,251.2,420.4,4.60,0.81,5.00,4.00,5.00,74.9,90.2,0.725,0.718,100,24.09,24.00,337.41,results/pidiff_retrain_gen/pidiff_retrain_vina_docked.pt
kgdiff,KGDiff,100,8813,0,0.507,0.174,0.508,0.383,0.637,0.536,0.166,0.540,0.410,0.650,2.81,2.70,2.78,0.90,4.75,70.4,45.9,63.2,38.5,94.8,341.8,124.0,343.5,258.4,422.7,4.54,0.74,5.00,4.00,5.00,65.4,91.5,0.753,0.749,100,24.53,25.00,341.57,results/sampling_results/our_vina_score_docked.pt
ours_noguide,Ours (Vina Only),100,2145,0,0.445,0.199,0.453,0.292,0.598,0.558,0.123,0.550,0.480,0.620,1.16,2.69,1.17,-0.62,3.03,99.0,55.3,90.0,57.5,130.2,339.4,120.9,346.3,264.3,422.3,4.40,1.02,5.00,4.00,5.00,66.0,83.5,0.719,0.718,100,23.73,24.00,339.19,results/noguide/vina_fixed_best_noguide/noguide_merged_vina_docked.pt
ours_vina,Ours (Vina+Guide),100,8340,2,0.475,0.192,0.488,0.335,0.626,0.539,0.127,0.530,0.460,0.610,2.01,2.52,2.04,0.39,3.70,85.1,51.7,74.6,49.3,110.7,342.1,124.7,346.5,256.4,426.6,4.52,0.90,5.00,4.00,5.00,70.2,88.5,0.717,0.711,99,24.37,25.00,341.85,results/vina_fixed_best_gen/vina_fixed_best_vina_docked.pt
novdw,Ours (Guide Only),100,2054,0,0.508,0.182,0.523,0.376,0.649,0.507,0.148,0.510,0.400,0.600,1.94,2.46,1.97,0.26,3.65,79.4,48.3,72.8,42.1,107.2,336.8,114.1,342.3,267.9,412.5,4.60,0.77,5.00,4.00,5.00,71.9,91.8,0.716,0.703,99,24.12,25.00,336.56,results/novdw_gen/novdw_gen_vina_docked.pt
