id,label,tier,f1_status,f1_n_pockets,f1_n_mols,f1_vina_dock_avg,f1_vina_dock_med,f1_qed_med,f1_sa_med,f1_div_med,f1_ha_pct_med,f2_status,f2_rmsd_dock_vina_n,f2_rmsd_dock_vinardo_n,f2_rmsd_dock_gnina_n,f2_rmsd_dock_vina_med,f2_rmsd_dock_vinardo_med,f2_rmsd_dock_gnina_med,f2_rmsd_min_vinardo_med,f2_rmsd_dock_vinardo_pct_lt2,f3_status,f3_n_docked,f3_n_plip,f3_n_prolif,f3_heavy_mean,f3_plip_n_hbond,f3_plip_n_hydrophobic,f3_plip_total,f3_plip_per_heavy,f3_prolif_HBAcceptor,f3_prolif_HBDonor,f3_prolif_Hydrophobic,f3_prolif_total,f3_prolif_per_heavy,f4_status,f4_n_pk,f4_n_mol,f4_delta_p_avg,f4_delta_p_med,f4_on_med,f4_off_med,f4_ratio_pct_avg,f4_ratio_pct_med,f4_win_pct_avg,f4_win_pct_med,f5_status,f5_n_pockets,f5_n_attempted,f5_n,f5_clash_median,f5_strain_median,f5_inter_mean,f5_inter_per_atom
reference,Reference (native),reference,ok,100,100,-7.450,-7.263,0.468,0.740,,,ok,100.0,100.0,100.0,5.4638,3.627,1.7997,0.2936,31.0,ok,100,100,100,22.75,3.92,3.6,8.45,0.3924,2.07,0.51,0.73,12.18,0.5826,ok,99,99,0.7777,0.2400,-7.2020,-6.9600,,,58.59,100.00,ok,100,100,100,6.5,9.162138367412345,12.18,0.5825869457728367
pocket2mol,Pocket2Mol,core,ok,100,9831,-7.152,-6.785,0.577,0.760,0.711,51.0,ok,9831.0,9831.0,9831.0,4.325,3.7393,3.2065,0.7988,31.7567,ok,9831,9831,9802,17.696,2.3659,3.5205,6.6036,0.4031,0.9871,0.3632,0.8862,9.2701,0.5766,ok,99,9731,0.2408,0.1856,-6.9424,-6.9213,30.72,17.00,50.40,64.00,ok,100,9831,9802,6.0,4.026590847624653,9.270148949194041,0.5766445341836832
targetdiff,TargetDiff,core,ok,100,9036,-7.802,-7.908,0.481,0.580,0.714,58.3,ok,9036.0,9036.0,9036.0,4.6695,3.6079,3.4619,0.7191,35.923,ok,9036,9036,8954,24.138,4.0915,4.8214,9.6676,0.4161,1.7053,0.7255,1.2228,13.9105,0.6094,ok,99,8992,0.6242,0.4340,-7.9889,-7.4159,38.59,34.02,56.73,67.53,ok,100,9036,8954,10.0,179.4747313073279,13.910542774179138,0.6094334266694366
ipdiff,IPDiff,extended,ok,100,9012,-8.571,-8.511,0.524,0.590,0.731,75.2,ok,9007.0,9012.0,9011.0,4.7417,3.3117,4.4272,0.7085,39.5806,ok,9012,9012,8705,23.8249,2.7041,6.3149,9.5691,0.4108,1.192,0.4601,1.5075,12.9155,0.5677,ok,99,8994,0.8276,0.3107,-8.6876,-8.0711,43.32,39.13,56.33,66.67,ok,100,9020,8705,8.0,366.84716676094956,12.915450890292934,0.5676501391482333
molcraft,MolCRAFT,extended,ok,100,9667,-7.924,-8.006,0.506,0.680,0.727,62.6,ok,9667.0,9667.0,9667.0,3.9957,3.1832,2.5692,0.4663,39.671,ok,9667,9667,9657,22.6978,4.038,4.4838,9.6118,0.4529,1.9183,0.7813,0.9912,13.2497,0.6372,ok,99,9573,0.6281,0.4026,-7.9224,-7.3772,39.43,34.41,58.33,68.00,ok,100,9667,9657,7.0,18.479127873035605,13.249663456560008,0.6371757078164102
alidiff,AliDiff,extended,ok,100,9236,-8.652,-8.639,0.512,0.560,0.715,76.0,ok,9232.0,9236.0,9236.0,3.9706,2.2159,4.0308,0.6275,47.9537,ok,9236,9236,8864,24.1134,2.6519,7.0029,9.9869,0.4252,1.1946,0.4447,1.7961,13.4504,0.5835,ok,99,9188,1.2595,0.8632,-8.8156,-7.8086,49.10,45.45,61.98,73.47,ok,100,9236,8864,8.0,1831.980570796297,13.450361010830324,0.5835031745005552
pidiff_retrain,PIDiff (retrained),core,ok,100,8654,-8.278,-8.203,0.438,0.550,0.718,67.8,ok,8654.0,8654.0,8654.0,4.2961,3.3801,4.1196,0.8469,38.1095,ok,8654,8654,8476,23.913,3.3135,4.289,8.2596,0.3591,1.1305,0.3459,1.074,10.5181,0.4691,ok,99,8626,0.8473,0.5566,-8.2495,-7.7195,44.35,41.67,59.56,69.74,ok,100,8654,8476,3.0,564.9234066497236,10.518050967437471,0.46905613449191363
kgdiff,KGDiff,core,ok,100,8813,-9.426,-9.430,0.508,0.540,0.749,86.1,ok,8813.0,8813.0,8813.0,2.9668,1.2819,2.7336,0.4574,56.167,ok,8813,8813,8280,24.0118,3.4724,6.1148,10.1674,0.4322,1.5977,0.6419,1.4734,13.5587,0.5943,ok,99,8808,1.5212,1.0343,-9.2642,-8.1339,56.39,59.60,64.54,79.80,ok,100,8811,8280,8.0,643.5142305698862,13.558695652173913,0.5942617034740633
ours_noguide,Ours (Vina Only),core,ok,100,2145,-8.885,-8.680,0.453,0.550,0.718,75.0,ok,2145.0,2145.0,2145.0,2.0703,1.3941,1.6489,0.3683,56.0373,ok,2145,2145,2111,23.6092,4.1133,5.9716,10.8042,0.4686,2.0137,0.8787,1.4278,14.388,0.6452,ok,,,,,,,,,,,ok,100,2145,2111,6.0,624.0614978792465,14.387967787778305,0.6452387364282052
ours_vina,Ours (Vina+Guide),core,ok,100,8340,-9.821,-9.904,0.488,0.530,0.711,89.6,ok,8338.0,8340.0,8339.0,1.385,0.7408,1.4277,0.3157,64.9161,ok,8340,8340,8101,24.2328,4.0659,7.0387,11.8043,0.5039,1.9668,0.8077,1.7011,14.774,0.6461,ok,99,8340,2.0342,1.7565,-9.9356,-7.9661,65.55,72.45,71.89,91.14,ok,100,8325,8101,5.0,565.6710095699057,14.773978521170227,0.6461090243327282
novdw,Ours (Guide Only),ablation,ok,100,2054,-9.244,-9.340,0.523,0.510,0.703,87.5,ok,2054.0,2054.0,2054.0,2.503,1.0204,2.2607,0.4448,60.9542,ok,2054,2054,1925,23.8514,3.7171,5.648,9.9216,0.4298,1.6135,0.7584,1.359,13.3678,0.593,not_measured,,,,,,,,,,,ok,100,2034,1925,7.0,440.22659165970447,13.367792207792208,0.5930208190163346
abl_none_off,"Ours (No physics, no guide)",ablation,not_measured,,,,,,,,,not_measured,,,,,,,,,ok[nci_abl],,,,,,,,,,,,,,not_measured,,,,,,,,,,,ok[posecheck_abl],,,,,,,
pignet_fixed,Ours (PIGNet+Guide),ablation,retired,,,,,,,,,retired,,,,,,,,,retired,,,,,,,,,,,,,,not_measured,,,,,,,,,,,retired,,,,,,,
pgdiff_fixed,Ours (PGDiff+Guide),ablation,retired,,,,,,,,,retired,,,,,,,,,retired,,,,,,,,,,,,,,not_measured,,,,,,,,,,,retired,,,,,,,
abl_vdw_on,Ours (vdW+Guide),ablation,not_measured,,,,,,,,,not_measured,,,,,,,,,ok[nci_abl],,,,,,,,,,,,,,not_measured,,,,,,,,,,,ok[posecheck_abl],,,,,,,
abl_vdw_off,Ours (vdW Only),ablation,not_measured,,,,,,,,,not_measured,,,,,,,,,ok[nci_abl],,,,,,,,,,,,,,not_measured,,,,,,,,,,,ok[posecheck_abl],,,,,,,
abl_hbond_on,Ours (HB+Guide),ablation,not_measured,,,,,,,,,not_measured,,,,,,,,,ok[nci_abl],,,,,,,,,,,,,,not_measured,,,,,,,,,,,ok[posecheck_abl],,,,,,,
abl_hbond_off,Ours (HB Only),ablation,not_measured,,,,,,,,,not_measured,,,,,,,,,ok[nci_abl],,,,,,,,,,,,,,not_measured,,,,,,,,,,,ok[posecheck_abl],,,,,,,
abl_hydro_on,Ours (Phob+Guide),ablation,not_measured,,,,,,,,,not_measured,,,,,,,,,ok[nci_abl],,,,,,,,,,,,,,not_measured,,,,,,,,,,,ok[posecheck_abl],,,,,,,
abl_hydro_off,Ours (Phob Only),ablation,not_measured,,,,,,,,,not_measured,,,,,,,,,ok[nci_abl],,,,,,,,,,,,,,not_measured,,,,,,,,,,,ok[posecheck_abl],,,,,,,
abl_vdw_hbond_on,Ours (vdW+HB+Guide),ablation,not_measured,,,,,,,,,not_measured,,,,,,,,,ok[nci_abl],,,,,,,,,,,,,,not_measured,,,,,,,,,,,ok[posecheck_abl],,,,,,,
abl_vdw_hbond_off,Ours (vdW+HB Only),ablation,not_measured,,,,,,,,,not_measured,,,,,,,,,ok[nci_abl],,,,,,,,,,,,,,not_measured,,,,,,,,,,,ok[posecheck_abl],,,,,,,
abl_vdw_hydro_on,Ours (vdW+Phob+Guide),ablation,not_measured,,,,,,,,,not_measured,,,,,,,,,ok[nci_abl],,,,,,,,,,,,,,not_measured,,,,,,,,,,,ok[posecheck_abl],,,,,,,
abl_vdw_hydro_off,Ours (vdW+Phob Only),ablation,not_measured,,,,,,,,,not_measured,,,,,,,,,ok[nci_abl],,,,,,,,,,,,,,not_measured,,,,,,,,,,,ok[posecheck_abl],,,,,,,
abl_hbond_hydro_on,Ours (HB+Phob+Guide),ablation,not_measured,,,,,,,,,not_measured,,,,,,,,,ok[nci_abl],,,,,,,,,,,,,,not_measured,,,,,,,,,,,ok[posecheck_abl],,,,,,,
abl_hbond_hydro_off,Ours (HB+Phob Only),ablation,not_measured,,,,,,,,,not_measured,,,,,,,,,ok[nci_abl],,,,,,,,,,,,,,not_measured,,,,,,,,,,,ok[posecheck_abl],,,,,,,
