rank,id,label,n_pockets,n_mols,vina_pct_lt2,vina_avg,vina_med,vinardo_pct_lt2,vinardo_avg,vinardo_med,gnina_pct_lt2,gnina_avg,gnina_med,gnina_cnnscore_avg,gnina_cnnscore_med,clash_avg,clash_med,strain_avg,strain_med,n_clash,n_strain,heavy_mean,gnina_skeleton_iso_pct,n_3eng,n_strict
1,reference,Reference (native),100,100,26.0,5.059,5.464,31.0,3.982,3.627,52.0,2.637,1.800,0.810,0.852,7.980,6.5,3653.9,9.16,100,100,22.8,,100,100
2,pocket2mol,Pocket2Mol,100,9831,27.1,4.736,4.325,31.8,3.962,3.739,34.1,3.690,3.207,0.559,0.567,8.347,6.0,26449.4,4.03,9831,9801,17.7,0.00,9831,9801
3,targetdiff,TargetDiff,100,9036,28.6,4.610,4.669,35.9,3.838,3.608,33.6,3.853,3.462,0.555,0.568,13.877,10.0,8.17156e+12,179.47,9036,8954,24.2,3.08,9036,8954
4,molcraft,MolCRAFT,100,9667,36.2,4.307,3.996,39.7,3.672,3.183,42.8,3.329,2.569,0.662,0.692,9.672,7.0,79102.4,18.48,9667,9657,22.7,0.00,9667,9657
5,pidiff_retrain,PIDiff (retrained),100,8654,31.3,4.394,4.296,38.1,3.678,3.380,29.6,4.175,4.120,0.487,0.495,6.558,3.0,1.08249e+14,564.92,8654,8469,24.1,0.00,8654,8469
6,ipdiff,IPDiff,100,9006,29.0,4.609,4.742,39.6,3.700,3.312,29.4,4.442,4.426,0.508,0.513,12.842,9.0,7.73216e+14,367.03,9006,8689,24.1,0.00,9006,8689
7,alidiff,AliDiff,100,9232,36.7,4.169,3.971,48.0,3.222,2.215,33.5,4.130,4.032,0.542,0.556,11.628,8.0,4.91144e+14,1831.98,9232,8858,24.4,0.16,9232,8858
8,kgdiff,KGDiff,100,8813,43.6,3.805,2.967,56.2,2.790,1.282,43.7,3.507,2.734,0.610,0.630,10.553,8.0,7.18891e+14,643.51,8811,8278,24.5,1.61,8813,8278
9,ours_noguide,Ours (Vina Only),100,2145,49.4,3.307,2.070,56.0,2.672,1.394,53.6,2.687,1.649,0.693,0.738,7.916,6.0,2.01241e+14,624.06,2145,2111,23.7,0.00,2145,2111
10,ours_vina,Ours (Vina+Guide),99,8337,55.7,3.012,1.384,64.9,2.289,0.740,55.0,2.756,1.427,0.712,0.758,7.553,5.0,3.52279e+13,565.66,8303,8069,24.4,0.00,8337,8069
