id,label,paired_n,pockets,score_table_n,pose_table_n,paired_rmsd_median,paired_gap_median,table_rmsd_median,table_gap_median,score_table_missing_rmsd,paired_outside_score_table,nonfinite_or_negative,penalty_excluded,fraction_rmsd_above6,fraction_gap_above5
reference,Reference ligand,100,100,100,100,3.6270499999999997,1.052645,3.627,1.053,0,0,0,0,0.27,0.02
pocket2mol,Pocket2Mol,9831,100,9831,9801,3.7393,2.30418,3.748,2.304,0,0,0,0,0.22846099074356627,0.07679788424371885
targetdiff,TargetDiff,9036,100,9036,8954,3.60785,1.9526150000000002,3.615,1.953,0,0,0,0,0.24634794156706508,0.08432934926958831
ipdiff,IPDiff,9012,100,9011,8689,3.31175,1.7006400000000004,3.41,1.701,0,1,0,0,0.2458943630714603,0.09842432312472259
alidiff,AliDiff,9236,100,9236,8858,2.2159,1.1186950000000007,2.346,1.119,0,0,0,0,0.20712429623213513,0.0557600692940667
molcraft,MolCRAFT,9667,100,9667,9657,3.1832,1.2337800000000012,3.188,1.234,0,0,0,0,0.23999172442329575,0.039412434053998135
pidiff_retrain,PIDiff,8654,100,8654,8469,3.38015,1.6214350000000002,3.416,1.621,0,0,0,0,0.22717818349896002,0.04506586549572452
kgdiff,KGDiff,8813,100,8813,8278,1.2819,1.03397,1.393,1.034,0,0,0,0,0.18018835810734143,0.03823896516509702
ours_vina,ChIEDiff,8340,99,8338,8069,0.7408,0.5777049999999995,0.749,0.578,0,2,0,0,0.1434052757793765,0.02985611510791367
