source_path	target_path	action	reason	source_sha256
configs/models.json	configs/models.json	copy	benchmark registry; the 9-id paper roster	300c1c6328397815d58e7d80e0e892d8508a1211234f909530838f1026f540db
data/crossdocked_pocket10_pose_split.pt	data/crossdocked_pocket10_pose_split.pt	copy	the train/test split itself (CC0)	fc2e32512985e1f01f70b95ca58c0f5abf1ab0a6a7985cabcfedd969ac730bc4
datasets/__init__.py	gated_energy_diffusion/datasets/__init__.py	copy	get_dataset; pdbbind/multipro branches pruned in 2.6	f57fadf55cc23879c27b56b2da03b25b6e0e97bc50492a6594dbf8e80f04e280
datasets/pl_data.py	gated_energy_diffusion/datasets/pl_data.py	copy	ProteinLigandData + FOLLOW_BATCH	21acbaa57de69b07c6c82c0f2914382ce634c21d164282a026cee0a18372edab
datasets/pl_pair_dataset.py	gated_energy_diffusion/datasets/pl_pair_dataset.py	copy	CrossDocked LMDB dataset; two unused classes pruned in 2.6	8914dd194c6cc160cd4083d33b2ceeebb2e3d0e12c1fbf54ad8eb8be59e3cf41
models/common.py	gated_energy_diffusion/models/common.py	copy	shared layers used by the denoiser (TargetDiff, MIT)	e8fd433182c26f5637001ee8ae5e8e8d5914ad507a70f23bda75d0d9a95859c7
models/uni_transformer.py	gated_energy_diffusion/models/uni_transformer.py	copy	SE(3)-equivariant denoiser (TargetDiff, MIT)	fdd97025ed9f3e72d6c226c6321ae3d8bb71c30d5b89f40ee2b4845818763e12
utils/__init__.py	gated_energy_diffusion/utils/__init__.py	copy	package marker (empty)	e3b0c44298fc1c149afbf4c8996fb92427ae41e4649b934ca495991b7852b855
utils/data.py	gated_energy_diffusion/utils/data.py	copy	PDBProtein, parse_sdf_file; np.long/np.bool need numpy<1.24	11d5a794e49dc925bd4d37dff11d5dac40b490764f65e10e930fa918b6b99c60
utils/evaluation/__init__.py	gated_energy_diffusion/utils/evaluation/__init__.py	copy	reachable from the production path	e3b0c44298fc1c149afbf4c8996fb92427ae41e4649b934ca495991b7852b855
utils/evaluation/analyze.py	gated_energy_diffusion/utils/evaluation/analyze.py	copy	reachable from the production path	74aedf9b06830d9b8c396ee9d7d9eac8db81e038cae5c1ec4766ffe230735e4d
utils/evaluation/atom_num.py	gated_energy_diffusion/utils/evaluation/atom_num.py	copy	pocket-size atom-count prior used by the sampler	59835c348d3d06ae0678b366be1824641eac0d5600b763ed13bc846b49bb92bc
utils/evaluation/atom_num_config.py	gated_energy_diffusion/utils/evaluation/atom_num_config.py	copy	reachable from the production path	2e72643b77beaffc368388300b99fe2c2aa3bff9c8bea9eb2189844dafbc4fa7
utils/evaluation/eval_atom_type.py	gated_energy_diffusion/utils/evaluation/eval_atom_type.py	copy	atom-type JSD table	07c73aec547a5163b09e8f6b587313d4ac03b5561c4fdc382c6a181aa5221a88
utils/evaluation/eval_bond_length.py	gated_energy_diffusion/utils/evaluation/eval_bond_length.py	copy	bond-length JSD table	8801b0cfb7992234ab4c562245bfbba8256a5a23268efe0a20fff3e765b99df5
utils/evaluation/eval_bond_length_config.py	gated_energy_diffusion/utils/evaluation/eval_bond_length_config.py	copy	reachable from the production path	bc9c5de52bcdd34ecca7021b3ec564457a8d587b5dbb6f897a5a1e7d1cb1bf80
utils/evaluation/fpscores.pkl.gz	gated_energy_diffusion/utils/evaluation/fpscores.pkl.gz	copy	reachable from the production path	10dcef9340c873e7b987924461b0af5365eb8dd96be607203debe8ddf80c1e73
utils/evaluation/sascorer.py	gated_energy_diffusion/utils/evaluation/sascorer.py	copy	synthetic accessibility, feeds the property table	c7f1130583c48fe99e26610f792d1140a07d8732f63fc3397f3b4207182fcb1e
utils/evaluation/scoring_func.py	gated_energy_diffusion/utils/evaluation/scoring_func.py	copy	QED/SA/logP, feeds the property table	245c97f50c0a2b65df6c11e865ea2735c353179ed87dc2c70d45ee742a7a3b92
utils/misc.py	gated_energy_diffusion/utils/misc.py	copy	load_config, get_logger, seed_all	90302f0a71b5e4883502e1a0cb5f94c182eb8ed27c465bb2900969a6c61d689a
utils/path_fix.py	gated_energy_diffusion/utils/path_fix.py	copy	checkpoint data-path repair, needed for --resume/--ckpt	ae40e18b9988ad267c68b4a8f0d83ea6f7e1a627928d6307fa37b4d3c5618489
utils/reconstruct.py	gated_energy_diffusion/utils/reconstruct.py	copy	GPL-2.0 (liGAN); required for SDF export and all tables	d49815805841f73fa2f01dd91138db35926068493226347184f514815db4bc26
utils/train.py	gated_energy_diffusion/utils/train.py	copy	inf_iterator, get_optimizer, get_scheduler	e1339eb75c9d55c42def7725f837c59fcadd2e9fb7b46accf59963eee01948bb
utils/transforms.py	gated_energy_diffusion/utils/transforms.py	copy	featurisers incl. FeaturizeVinaAtomTypes (the XS gates)	9a1996b8095fc5d43bc9ac53667dccd0b1b953c5d333cc443f0b8c42ee2f97e4
utils/vina_rules.py	gated_energy_diffusion/utils/vina_rules.py	copy	VINA_WEIGHT + 5 radial terms; rest pruned in 2.4	3899e1b5e4e62148acd774ad2a389f3de6bba662682432bca2fbfd31f8a05273
utils/vina_types.py	gated_energy_diffusion/utils/vina_types.py	copy	Vina xs radii and hydrophobic/donor/acceptor flags	e2c71a96cdbc6eb24f7c458ae71ae64416ed63697f4f9448c2618cc363b2558c
utils/warmup.py	gated_energy_diffusion/utils/warmup.py	copy	GradualWarmupScheduler, referenced by get_scheduler	5cbca33dc065c87c5217dc029b9cc6d892891e7c7788ff08944e1c76d85e22aa
analysis/nci_benchmark/env_versions.txt	analysis/nci_benchmark/env_versions.txt	copy	recorded provenance	90d9ede0037a7b9281335c5b7d0cbea75c220ef1befa16c52b40760e0ea10c08
analysis/nci_benchmark/test_pockets.json	analysis/nci_benchmark/test_pockets.json	copy	recorded provenance	71c8288fa4112c43efe1bbb3c9edf6b661123548a69a1bbffb617d7e4b9e97fd
configs/offtarget_assignment_seed2027.json	configs/offtarget_assignment_seed2027.json	copy	off-target pocket assignment for the specificity tables	3a32c4fd293e0fdd5eac81a495c2e2485c8632c9b63791729854f965e512e185
results/comparison/appendix/posebusters/pose_quality_summary_posebusters.csv	results/comparison/appendix/posebusters/pose_quality_summary_posebusters.csv	copy	aggregate input to the table pipeline	7b01744a8eb17202140ca19b4848e8e4af90c9e2f47c9e93edfdfd83a77a80c0
results/comparison/f1_sbdd/bond_jsd/bond_jsd_overall.csv	results/comparison/f1_sbdd/bond_jsd/bond_jsd_overall.csv	copy	aggregate input to the table pipeline	f4db8ceb2f6ce673046dc4445d141140742227dffff8117360381021ec6d5688
results/comparison/f1_sbdd/main_table/main_table.csv	results/comparison/f1_sbdd/main_table/main_table.csv	copy	aggregate input to the table pipeline	bd6eda0c37feb0d25ee543db5053075b19b45677040534e8e80d6c7b8996176f
results/comparison/f1_sbdd/properties/property_overall.csv	results/comparison/f1_sbdd/properties/property_overall.csv	copy	aggregate input to the table pipeline	4040c0a1554469582eb8cd2b1644be42107f80776e625262912d1fc34af3bfd3
results/comparison/f1_sbdd/properties/property_per_molecule.csv.gz	results/comparison/f1_sbdd/properties/property_per_molecule.csv.gz	copy	aggregate input to the table pipeline	d5634319781b84be739aa78f7b1e6039e999141f96594b03a2892580b1526d3d
results/comparison/f1_sbdd/ring_size/ring_size_overall.csv	results/comparison/f1_sbdd/ring_size/ring_size_overall.csv	copy	aggregate input to the table pipeline	665005ad516fdc2a108f7525e5ea6c69bc6ef8b7c4597d84cc1cc5f3c2497325
results/comparison/f2_pose_fidelity/pb_distance/pb_distance_strict.csv	results/comparison/f2_pose_fidelity/pb_distance/pb_distance_strict.csv	copy	aggregate input to the table pipeline	3173b2d3a08805d54bef4825f50aac610c440dc49f64d7b430bdf88dd92a3cdd
results/comparison/f2_pose_fidelity/pose_stability/pose_stability_engineonly.csv	results/comparison/f2_pose_fidelity/pose_stability/pose_stability_engineonly.csv	copy	aggregate input to the table pipeline	c4ff851b952c975a47f0e83af06991fbf6ed4c9012d25b1c4a7b9c00b0a19fec
results/comparison/f2_pose_fidelity/pose_stability/pose_stability_strict.csv	results/comparison/f2_pose_fidelity/pose_stability/pose_stability_strict.csv	copy	aggregate input to the table pipeline	9f8d219931139b01bc6085436c4034968c0bdecf919801369d905ae2dd465247
results/comparison/f3_nci/nci_per_molecule_strict.csv.gz	results/comparison/f3_nci/nci_per_molecule_strict.csv.gz	copy	aggregate input to the table pipeline	01932178284c5815744d4f8bb5008371d891a72f45e6b4cf2908fec4f9e52866
results/comparison/f3_nci/nci_summary_strict.csv	results/comparison/f3_nci/nci_summary_strict.csv	copy	aggregate input to the table pipeline	f2146922867ea738c9d111f971db2f319ea2a2ec8015fb4f06c2f00d7c823a40
results/comparison/f4_delta_score/delta_score_per_mol.csv	results/comparison/f4_delta_score/delta_score_per_mol.csv	copy	aggregate input to the table pipeline	5d31e45fd8c3fed7dd5ec778715553234a49961100686f65191d9c7d59ed8d09
results/comparison/figures/rsg_ecdf_per_molecule.csv.gz	results/comparison/figures/rsg_ecdf_per_molecule.csv.gz	copy	aggregate input to the table pipeline	f64abcf4cb8326bb65e0c2cd9d525fe30124792ed014b60bc4701ab51cf2dd80
results/comparison/master_table.csv	results/comparison/master_table.csv	copy	aggregate input to the table pipeline	25da7996bd12fcf4538ef6ffa7f6169648c5844da80cb2594ad1c82b581c3b0a
results/diagnostics/ablation_nci/nci_summary_abl.txt	results/diagnostics/ablation_nci/nci_summary_abl.txt	copy	aggregate input to the table pipeline	aa66f8d4cd247b37a74c6b84f11e414c97012fe013dbb872323a05ffac281fb6
results/diagnostics/ablation_nci_v2/posecheck_ablation_all.csv	results/diagnostics/ablation_nci_v2/posecheck_ablation_all.csv	copy	aggregate input to the table pipeline	8ba6ef45964657044b57593e63bcc3b26b20d3dafc50ca171b089209b40b4aef
results/diagnostics/gate_within/gate_within/gate_within_per_mol.csv	results/diagnostics/gate_within/gate_within/gate_within_per_mol.csv	copy	aggregate input to the table pipeline	9d6cea36253c53cfbb0755c4596b813cde1ac6a3ef3a40e0e97e5e8c598ab038
results/diagnostics/type_cf/type_cf/pocket0.csv	results/diagnostics/type_cf/type_cf/pocket0.csv	copy	aggregate input to the table pipeline	581fede93ca483b7bc191dd8b78681d27c8745e0437011ce9b2ca750e7caf3e6
results/diagnostics/type_cf/type_cf/pocket1.csv	results/diagnostics/type_cf/type_cf/pocket1.csv	copy	aggregate input to the table pipeline	b545ca47af3ce783de046ed4f92071a16021cc35cf7370da5727eb6fd8ff5464
results/diagnostics/type_cf/type_cf/pocket2.csv	results/diagnostics/type_cf/type_cf/pocket2.csv	copy	aggregate input to the table pipeline	785895cd515bf503da78ab215ff1713884bfa8037c8fdf0ccbeee6318f594a5f
results/diagnostics/type_cf/type_cf/pocket3.csv	results/diagnostics/type_cf/type_cf/pocket3.csv	copy	aggregate input to the table pipeline	977a055f0b71dda42f4095b9047cebfdc8e048b37ad191de1d3e5ea323b9d717
results/diagnostics/type_cf/type_cf/pocket4.csv	results/diagnostics/type_cf/type_cf/pocket4.csv	copy	aggregate input to the table pipeline	50982cf7e668445dffde0ffe945c120eee8d06d4b81a8b39e8367002e6f4b673
results/pose_fidelity/master.csv	results/pose_fidelity/master.csv	copy	aggregate input to the table pipeline	2ac56a358dc7aa2367e625ef38828e3ffb360f8874620d08470f098fb4581446
analysis/reorg/expected_rosters.json	scripts/fixtures/expected_rosters.json	copy	live fixture for check_rosters.py	8fc200f3afa684d5575bdf3b6b1cff8d26bc91eeb3535c4b774456ef2eef3110
analysis/nci_benchmark/PREREGISTRATION.md	-	exclude	Korean internal document referencing files that are not shipped	-
analysis/nci_benchmark/provenance.md	-	exclude	Korean internal document referencing files that are not shipped	-
paper/figure_build/consistency_combined/combine.py	paper/figure_build/consistency_combined/combine.py	copy	figure generator	e73a7a3e0acbc35b8fcb79fbb49a7e23d4eb5a7e966e05525b870dd9cda41a30
paper/figure_build/make_nci_distributions.py	paper/figure_build/make_nci_distributions.py	copy	figure generator	601a1f6044c1704e284ad8287a8e5eb9afd84700fbbcb9434fa9c6b66d4e88ec
paper/figure_build/make_revision_figures.py	paper/figure_build/make_revision_figures.py	copy	figure generator	537df0c6b21f0cf904fe8a925cb8734a0ae40137acf40acdd484cbf7bc94f75f
paper/figure_build/make_round2_consistency.py	paper/figure_build/make_round2_consistency.py	copy	figure generator	0ac46786aa68c1a023b5e3c05106b8b11fa5bb1c865e287ed4c04bc05ead88ef
paper/figure_build/prepare_revision_scores.py	paper/figure_build/prepare_revision_scores.py	copy	figure generator	bb08db37e0dc4323e415e6e841f15c38866b64f3b0efd75ee3620062f9c90bf2
paper/figures/main_figure_fixed2.png	paper/figure_build/figures/main_figure_fixed2.png	copy	figure generator	e04db8911c9d7169c2a09ea48c225ff767346c99e49fc1748c75e1e53eb581fe
paper/float_registry.json	paper/float_registry.json	copy	table harness	eec66925a96a2ef27bcf663a6d1507ec738ae22b9a219202d6d8320a74427cd4
paper/tables/build_revision_tables.py	paper/tables/build_revision_tables.py	copy	table harness	4e4cf8aaf248c836fe1f2d64252b6fd01596ccc53bedc5f08af7e634b9a7ba6b
scripts/__init__.py	scripts/__init__.py	copy	package marker	e3b0c44298fc1c149afbf4c8996fb92427ae41e4649b934ca495991b7852b855
scripts/aggregate_pose_fidelity.py	scripts/aggregate_pose_fidelity.py	copy	aggregator	14ae135351898f26d258521f04953a1b85f8f533aad02e48ab334481468835b7
scripts/aggregate_posecheck.py	scripts/aggregate_posecheck.py	copy	aggregator	0ff1ab98d82f6645e826135ab894561fd828be628a2015d05d08d296cc6d5d26
scripts/build_bond_jsd_table.py	scripts/build_bond_jsd_table.py	copy	aggregator	79dbf4b7fab4f8a260680fbc5d5cdd62128b0768adad6fb6c9f90e4414cbf2fa
scripts/build_comparison_tables.py	scripts/build_comparison_tables.py	copy	library	9ffab17fdc08754638b58bacc4a8ab2e49896d746a2c0a9b5dedbca6bd5347eb
scripts/build_delta_score.py	scripts/build_delta_score.py	copy	aggregator	00e0b4111031b80448c97afd076ed130b032687071c479d832fbe75c434a5b82
scripts/build_main_table.py	scripts/build_main_table.py	copy	aggregator	c6e91fbeb9d79c118cac388612ca90c98400e1c65c496c89653b0947e4059701
scripts/build_master_table.py	scripts/build_master_table.py	copy	aggregator	79daf73986974b35eddf4a989856a02069bb3b82a0e465fa71a3e31f30c3a021
scripts/build_nci_strict.py	scripts/build_nci_strict.py	copy	aggregator	fbfa59dc07403097c72ecb57d4a3afb647826ad81acd72c8a37c1d193095178e
scripts/build_nci_summary.py	scripts/build_nci_summary.py	copy	aggregator	6a65ad11750d7b9fb406d971a98367560aaa6c86e164d3ad856d8a6441d8bd6d
scripts/build_nci_summary_abl.py	scripts/build_nci_summary_abl.py	copy	aggregator	ba0024bea51d79e02dc51b971b6870e96e637295bc45c3e68e4406bcb7974da5
scripts/build_pose_energy_map.py	scripts/build_pose_energy_map.py	copy	figure	efaa0e55252df1050e256a48971f287ef9d89389d304c279c8e48e58441369a9
scripts/build_pose_table.py	scripts/build_pose_table.py	copy	aggregator	597ad9bf9d4492bd805312e769793e4d8b9a7ced3302c05f4a0e5d7b18afe6ed
scripts/build_property_tables.py	scripts/build_property_tables.py	copy	aggregator	d827e3e67f702ea886068a3d91a2c3763c9b7a2cd96c7f27f90aee04b0fa1597
scripts/build_redock_comparison.py	scripts/build_redock_comparison.py	copy	library	8ee7b2d440ecbc62dd90101551cc2ab41b4dbcef52ab20520b9b98d5b3a8490e
scripts/build_ring_size_table.py	scripts/build_ring_size_table.py	copy	aggregator	cce4d4eb20c6e8eca404dd0859eb0a3f4b7d0a6b363c1614ee6df2176dd62b62
scripts/build_rsg_ecdf.py	scripts/build_rsg_ecdf.py	copy	figure	2bab4a93144593c06d761450cec7c4a5672cb9241b804e0dfa1cf7a6992e80f4
scripts/check_docked_equivalence.py	scripts/check_docked_equivalence.py	copy	gate	05321b6f49497ab508fa86f62a461c41886cf3d6b0631a5c02d8e1e1434a06f6
scripts/check_paper_tables.py	scripts/check_paper_tables.py	copy	gate	bb7a0033e6e8084728531b7983691df7a4e200de588dbf8e5a1f6c9b7c386f5f
scripts/check_pockets_equivalence.py	scripts/check_pockets_equivalence.py	copy	gate	fe7bf56f3f482616ccc689c4be29415f318fa90abc80ef9dcfa3de0cf50872e0
scripts/check_registry.py	scripts/check_registry.py	copy	gate	696c01b39c74de651cfbb506d7b0f9c8852e319e294360245803ec42d36fef45
scripts/check_registry_sync.py	scripts/check_registry_sync.py	copy	gate	dee958d61b758a006449c18586529ecbde8b7cbdd5b002bb8eedd46ca09d29c8
scripts/check_rosters.py	scripts/check_rosters.py	copy	gate	00bb536f3be9080a53820d15d948b6d4c48a508176d0becb3753c522ef7e05bb
scripts/clash_pairs.py	scripts/clash_pairs.py	copy	library	51bb10e3cbe045274fe58cac1218e53690370ffa8d9b21e1aae3f1f8d5d11291
scripts/consolidate_docking.py	scripts/consolidate_docking.py	copy	measurement worker	663e3750bd501aded7067655650d1a8fe730c77dab314a9fc19f8054c8ace763
scripts/csv_to_latex.py	scripts/csv_to_latex.py	copy	library	7aa15875d9fec5fc195cbeb119c64549bfec4af5291f79a083764a1da80e8cf1
scripts/data_preparation/__init__.py	scripts/data_preparation/__init__.py	copy	dataset preparation	01ba4719c80b6fe911b091a7c05124b64eeece964e09c058ef8f9805daca546b
scripts/data_preparation/clean_crossdocked.py	scripts/data_preparation/clean_crossdocked.py	copy	dataset preparation	0ca901273c554b2c405c961915314db8cc339c8c10995f4a45a8911449b509ab
scripts/data_preparation/extract_pockets.py	scripts/data_preparation/extract_pockets.py	copy	dataset preparation	aa6e8f17952eb9c73598860a40bb10ad740ac9f687a6c08ca3f041347c3dd765
scripts/data_preparation/inject_affinity.py	scripts/data_preparation/inject_affinity.py	copy	dataset preparation	a8d25ddd40fa2224ff310c421837b657167e1a2d791b9ede16d91dae708d8432
scripts/data_preparation/split_pl_dataset.py	scripts/data_preparation/split_pl_dataset.py	copy	dataset preparation	0152c0c2a136c27da2e695ffc2a011a6ddf94e557ed11c04cea31546647cc75e
scripts/delta_score_common.py	scripts/delta_score_common.py	copy	library	f33a188d40bdb8f937b89ce05c17f62239ebcccfb7e9634549a51cb2ee1ccb3f
scripts/dock_generated_ligands.py	scripts/dock_generated_ligands.py	copy	measurement worker	9483084514164385eda70e648bf29d9301c16e017b77beb02db82812404f7574
scripts/docked.py	scripts/docked.py	copy	library	fcc17c8bc912570aae04c27fd07c554682b3d7702bdf5b8bb55df25f0c8dc43f
scripts/eval_export_sdf.py	scripts/eval_export_sdf.py	copy	library	a13299bd11964a301bb6a16a418ad54bc4bcad77f8f1648390cbe7a70d84f734
scripts/eval_heavy_clash.py	scripts/eval_heavy_clash.py	copy	library	03c38196efcf285e9127fa85136da9184049ecdc745c3b2b050e3f40bbd9b7db
scripts/eval_pb_distance.py	scripts/eval_pb_distance.py	copy	aggregator	0414847c953686a6bfe41353da17986c8b8cd3b16435cddfb98e401a2a0b1411
scripts/eval_posecheck.py	scripts/eval_posecheck.py	copy	measurement worker	44fe13bc5274d2080f19d907d39caff4358019c643faf5619e421057ec9d74ca
scripts/eval_prolif_counts.py	scripts/eval_prolif_counts.py	copy	measurement worker	fbe83af68664c374bea4f6ab32baad4faa4dd2225d81ff008f4447753c1b1676
scripts/make_chainfix_receptors.py	scripts/make_chainfix_receptors.py	copy	measurement worker	0ad6a0cb13eb09a184ec76e4ea7b84e04e71269928daa9f8c67d35be330a94f4
scripts/meeko_roundtrip_gate.py	scripts/meeko_roundtrip_gate.py	copy	gate	7c89ae683a06b2646942a13af078c1f0964749ca331f8f2ec1135cacab9ce678
scripts/model_registry.py	scripts/model_registry.py	copy	library	5999ddf9be601931aaa078f691ef2b24cff0c6d56b60a33c6d8d54b79383ad57
scripts/pb_mol_worker.py	scripts/pb_mol_worker.py	copy	measurement worker	3049e1b549ffd11dfd313e7ee87eea94368a542c0e404efbfb64d562a2c88fb2
scripts/plip_interactions.py	scripts/plip_interactions.py	copy	measurement worker	179ee59127f261f5256265886bcfda718a1e8ad5e3419c9f63e98e87eea9348a
scripts/pockets.py	scripts/pockets.py	copy	library	c22bfc1c3ce3d1c510c668050cd728fe3305c7b2ee21626b437c6e789be9a21f
scripts/pose_rmsd.py	scripts/pose_rmsd.py	copy	measurement worker	63d05bd8b28149f917f089328c023d997c635c2b5cbd5f7e6e281326f1b8523e
scripts/prune_nonmanuscript_rows.py	scripts/prune_nonmanuscript_rows.py	copy	measurement worker	cebfbc5b758b34687a02a4f2687ebe9918008eb24edfdc0fe75a2ec3af89d1b5
scripts/rmsd_core.py	scripts/rmsd_core.py	copy	library	0b3c5b999948b035222d863ae2f8775d6eb17ab3f8279fcbab7b4352150975de
scripts/self_redock.py	scripts/self_redock.py	copy	measurement worker	d74c2595671565ad700e514f1525870200e1377a1a61c4d7c747547d1cfc8502
scripts/strain_energy.py	scripts/strain_energy.py	copy	measurement worker	ab956e58364ba9cc0ae9667a5db7abbfa6c8a0b52e3ffcc6e7c010eef7bc56a5
scripts/vina_meeko_dock.py	scripts/vina_meeko_dock.py	copy	measurement worker	5ad74d471997e9b85389a5e12e23975d8388aec1daceebbab688960d6edf2552
